-0.43232,-0.81633,-0.93867,-0.56745,1.9664
1.1131,6.0001,-0.13376,0.17444,-0.15512
-0.44356,2.464,0.14056,-0.27694,-0.17219
-0.32131,2.4939,-0.23521,0.47616,-1.4506
-0.04726,0.29102,-1.996,0.45249,-1.4639
0.39763,-0.68021,-2.0646,-0.45338,0.9475
-1.5612,-0.75053,-1.3696,0.88839,0.022151
-0.57048,9.0599,-0.45184,-1.3314,2.8678
-0.63371,0.5302,0.48285,0.010317,-0.78374
0.47467,-1.6071,-2.2887,-0.3716,1.339
-1.3883,-1.9258,-0.74349,0.15219,-0.5338
-0.14117,2.1013,-0.21365,-0.81446,0.85094
0.094314,-1.78,1.4153,-0.70758,0.38631
-0.19669,-2.327,-0.88673,-0.87826,-0.60833
-0.53723,0.86912,-0.28071,-0.75202,0.71308
-0.34741,0.35173,0.013489,-0.11317,1.7383
-0.78854,-0.95382,-0.90864,-0.22959,1.44
-0.36372,0.57211,0.40658,0.023761,-0.38885
0.506,1.5056,2.0319,0.025185,0.36515
-0.083028,0.19033,-1.4309,0.84724,0.99141
-0.60919,1.7277,-0.02845,-0.88812,0.25609
-0.45831,-1.6174,-0.76744,0.4593,-1.7047
1.1208,0.9881,1.4179,-0.51767,-0.57644
-0.7171,-0.27431,0.98177,-0.047364,-0.51392
0.39092,1.4598,-0.47043,0.49593,0.044464
-0.33368,1.4911,-0.96827,-0.45564,3.0909
1.5005,-0.2778,1.2483,-1.239,0.6739
-0.46792,0.36976,0.36155,-0.40959,0.53709
0.37351,3.4105,1.9819,-0.8267,0.40385
-0.33156,2.6782,-0.028985,-0.094194,1.0609
-0.6772,0.48501,-0.60594,-0.56078,1.2999
-8.3189e-05,3.8772,0.45328,0.066937,-0.34039
-0.43529,-1.2986,-2.2069,0.14735,-1.4402
-0.61501,0.36529,0.62011,-0.54429,0.13865
-1.0987,0.2771,-1.5373,1.757,0.7937
0.10237,0.63365,-3.6051,3.3116,1.9252
-0.36151,0.76899,-0.062154,-0.059557,-0.50158
-0.5177,0.51879,-0.16041,0.13548,-1.3315
-0.47404,1.0525,-1.1288,-0.60027,2.3983
-0.5613,-4.5206,-0.63516,4.4258,0.55715
0.11627,-0.24201,-1.1922,0.15464,-1.1807
0.12572,1.1735,-0.016764,-0.29653,0.89843
-0.9032,2.6701,-1.1184,1.4614,1.3439
-0.27824,-0.085832,0.50725,-0.64049,0.69661
-0.15787,1.8345,-0.97047,-0.0012133,0.058607
1.3558,-1.8648,1.6552,-0.77477,0.13331
-0.40431,4.8253,0.1703,-0.70114,0.012491
0.24729,-1.3221,-0.67076,0.50128,-0.17507
0.22666,7.1248,-0.69397,-0.35941,0.83735
-0.60933,-1.2384,-1.0747,-0.073804,-0.23935
-1.3292,0.93462,-0.36517,1.6661,0.28607
-0.067645,0.42706,-0.022976,-0.6511,-1.0572
-0.67204,-0.81283,-0.36387,-0.7649,0.74778
-0.18523,-0.5975,-1.5439,-0.5284,1.0494
-1.4506,-1.5743,-0.055266,-1.0396,1.5071
-0.12328,-0.26287,-0.29186,0.36222,0.76108
-0.26154,0.26324,0.084911,0.98841,0.20346
-0.14896,1.0014,0.16738,-0.55049,-0.0955
0.29164,0.32672,0.25234,-0.90173,-0.23844
-0.14573,-0.37478,-0.2596,-0.36283,1.4858
-0.42825,0.76537,0.34042,0.015565,-0.6982
-0.90239,-0.28842,-0.45484,1.2494,-0.35322
0.073572,-4.1983,0.77352,-1.373,1.2273
-0.046111,1.5844,0.4539,0.87837,1.5073
-0.2141,0.53954,0.83498,0.2266,-2.4916
-0.53906,1.8299,-0.99891,-0.24217,-0.35493
-0.51641,-0.95139,-0.60543,-0.53611,-0.23985
-0.5442,4.7746,0.93861,-0.71548,0.15916
-0.16034,2.5187,-0.45807,0.49111,-0.67607
0.33005,-0.060114,-1.7387,1.1434,-1.6689
-0.149,-2.1298,-0.52641,-0.37494,2.1361
-0.72122,-0.77065,-0.67097,-1.5019,1.7223
1.0457,4.7935,0.89446,-0.6517,-0.28546
-0.4126,1.6736,1.144,-0.7174,1.6607
0.32967,5.9656,-1.3563,1.9503,0.112
-0.60474,0.023848,0.2242,0.2243,1.1627
-0.63941,0.016433,-1.2663,-0.39809,1.9822
2.6382,0.5975,2.4498,0.18159,-1.2343
0.024752,0.80103,-1.4689,0.87388,-1.0522
0.27516,0.87145,-0.41829,1.1043,-1.1906
0.071911,2.9099,1.1352,-1.5297,1.5691
1.2079,-0.2792,0.82118,-0.4044,-1.019
1.0693,4.2911,0.53048,-0.91555,-0.71852
0.206,2.7178,-0.29248,0.38373,-0.54846
-0.50334,0.010443,1.779,-0.10322,-0.96186
-0.42781,1.7458,-0.84218,-0.17597,1.4684
-0.30867,0.55682,-1.0489,-0.46015,0.2395
-0.24995,0.85895,-0.29604,-0.012849,-0.55294
1.983,-0.18565,2.3174,-0.847,0.45882
0.0037546,1.5344,-0.33874,-1.3005,-1.1251
-0.53695,-0.2667,-1.6322,-0.7819,2.2942
-0.6875,0.056224,0.10096,2.2124,-0.29796
-0.29832,0.20684,-1.9681,1.2445,-2.05
-0.15717,-0.71603,-1.4889,-0.72648,2.0884
-0.43805,-0.1712,-0.72689,-0.06959,0.31294
-1.5391,-0.26623,0.14443,-0.24789,1.5022
-0.033894,0.38385,1.4037,-1.6106,1.7766
-1.0225,1.0499,0.41093,0.37573,-1.3037
-0.45401,-1.9406,-0.050503,0.092526,-0.35826
-0.71358,-1.5417,-0.28918,-0.27062,-0.39385
-0.57341,-0.26152,0.46294,-0.29145,-0.27252
0.43652,2.8083,1.7183,-0.16548,0.11991
-0.05023,2.1559,-0.48135,0.99791,-0.94342
-0.37945,4.5161,1.1875,0.16295,-0.053749
-0.42448,-0.69219,-0.85018,-0.39895,0.076581
-0.678,0.56687,0.039201,-0.55199,-1.2468
-0.040119,2.6524,-2.9284,-0.63795,2.3534
-0.79746,2.2715,-0.50653,-1.5581,0.71406
0.89813,1.7101,2.4068,0.05987,-0.16567
-0.07406,-0.94216,-1.7153,-0.21647,1.7579
-0.62001,3.4055,0.66588,0.042739,-0.020152
-0.15368,2.2248,0.40876,-0.033113,0.91194
-0.028697,-0.37428,0.1719,-0.31527,0.4003
-1.1338,4.2643,-1.479,-1.6063,0.89712
-0.037305,0.24541,-1.1169,-0.36054,-1.6575
-0.78091,-0.81463,-0.30912,-0.18456,1.8024
0.66522,4.4287,1.6002,0.68678,-0.8522
-0.38367,4.645,0.76679,0.14195,0.25082
-0.086097,1.3789,-0.67439,-0.59336,-0.04603
0.71021,0.98987,2.2805,-0.38475,1.7467
2.4223,1.1231,2.7796,-0.6401,-1.1017
-0.29624,1.9206,-0.8294,-0.33109,1.5876
-0.065093,3.5184,0.97538,-0.74253,0.98235
-0.049132,2.1479,-0.49898,0.051444,1.9005
-0.50723,-1.3308,-0.62057,-0.69134,1.4516
3.2045,-1.2632,2.5699,-0.67974,0.4764
-1.2572,-1.1506,-1.0828,-0.49083,1.4973
1.7915,1.1654,1.2576,-0.9187,-1.1084
-0.43906,1.0507,-0.096065,-0.26324,-0.0018537
-0.022743,1.7472,0.5565,-1.5602,2.126
0.35492,3.0395,-0.38138,1.7317,-0.3901
0.38595,0.21263,-0.6609,0.87442,-0.20537
0.30116,0.083024,-1.1215,0.95043,-1.9417
0.48461,1.7478,0.52475,0.060021,0.17981
-0.771,-0.68011,0.77699,-1.173,1.3317
-1.0056,3.8943,0.72344,-0.66366,-0.81113
-0.92029,0.13264,-1.4625,-0.76562,-0.50979
0.2261,-0.67906,-0.33425,3.3538,-1.0475
-0.34667,1.3597,0.43282,-0.65244,0.19408
3.8322,1.1432,2.1751,0.60374,-1.5043
-0.68712,2.537,-0.26996,2.2116,0.057865
-0.31753,0.8498,0.47912,-0.38893,0.64246
1.8264,7.4099,-0.19038,0.088691,-1.4928
-1.7403,1.8348,-0.11761,1.8335,0.97361
0.67826,1.037,1.306,0.41285,0.82988
-0.096159,0.86068,-0.031007,-0.58747,1.6681
0.39232,-1.9055,-1.0287,0.12575,1.5525
0.82676,-3.2565,1.2055,-0.40032,-0.38132
-0.24609,-3.6636,-0.096081,-0.56792,0.064556
0.35989,2.9178,0.39227,0.75252,0.045544
0.72514,1.5692,1.6028,0.18475,-0.31421
-0.48208,-0.32636,-0.58635,-0.2869,-1.621
-0.86981,0.81108,-1.333,-1.228,1.2563
-1.2394,-2.6339,-1.2131,-0.78981,2.5906
-0.42356,-0.76637,0.32607,-0.4904,-0.36626
-0.67281,-0.10699,-1.0122,-0.28086,-0.9941
-0.053084,2.1553,0.0079795,-1.2984,0.22783
-0.52058,3.1573,-0.14393,-0.10143,-0.1573
-0.55305,0.99928,-0.86171,-0.32034,1.9243
0.76754,3.758,-0.63803,1.5938,-1.2597
-0.59057,-1.1935,-1.0104,-0.49694,1.5804
-1.2542,2.0511,0.89691,0.48249,-2.0595
-0.18291,2.2256,0.29839,0.26085,1.8087
1.3929,2.312,1.5736,-0.32169,0.30156
0.23676,1.5284,-0.27427,-0.2387,-0.033519
-0.37598,-2.1395,-0.34609,-1.2234,1.1591
-0.17656,0.44463,-0.45093,-0.85593,1.7675
0.36169,3.1433,1.6003,-1.103,2.5794
-0.088638,2.3686,-0.0037275,0.64791,-0.12559
-1.1331,-4.8887,1.4548,-0.88028,-0.44207
-0.8073,-1.5694,-0.41238,-0.32833,-0.46653
-0.91503,-1.6259,-0.97791,0.25986,-1.666
-0.063346,5.3348,0.94996,-1.3507,0.063155
-0.33987,0.90172,-0.77801,-0.81678,1.4739
0.36697,-1.6519,0.5495,-0.85401,-0.5601
-1.3034,-1.6501,-0.03293,-1.4392,1.6832
-0.56807,1.3334,-0.68189,-0.61719,0.1458
1.8966,1.1648,0.8696,-1.026,0.74671
2.7583,0.00075139,3.0412,-1.1283,1.0375
-0.40964,-0.15523,-0.36104,0.10917,-2.0468
-0.16764,0.99013,1.1451,-0.24724,1.0156
0.75029,3.198,1.8258,-0.95941,1.8451
-0.80671,-2.5818,-0.30877,-1.2108,0.76911
-0.40471,2.7167,1.7077,0.25901,-0.74933
0.99673,2.287,2.0787,-0.018262,0.082987
-0.30679,-0.8163,0.53106,-0.19612,1.6485
-1.5967,-0.11028,-0.23096,-0.92938,1.9103
-0.36242,-1.5033,-1.3373,-0.91908,-0.86518
0.097721,1.1028,-1.3533,0.12624,-0.69692
0.042047,2.0881,1.1494,0.9213,-1.9925
-0.37952,0.57228,-1.1383,1.2391,-1.5512
-0.028094,1.7227,0.96755,-0.084387,-0.68415
-0.34569,3.6656,-2.8511,-0.86354,0.32705
0.095473,1.5805,-2.6911,-0.85681,-0.051411
2.9249,0.097464,1.8546,-0.9948,0.55295
-0.17715,3.2551,0.062156,0.22444,0.61412
-0.47234,1.8751,-1.8419,-0.64651,0.1157
0.5109,2.5634,0.36142,0.12827,0.82838
1.7534,0.45708,1.9017,-1.1012,-0.77733
1.0969,3.8349,0.73938,0.54499,-2.3268
-0.19751,1.1519,0.27123,-0.16726,1.3196
-0.786,3.5338,-0.14464,-1.3683,0.90331
-0.49488,0.68694,-0.9295,-0.508,1.52
-0.13033,0.58221,-0.45877,-0.74365,0.5246
-0.5905,0.30913,-0.82843,-1.0414,-0.33681
-0.51834,0.27022,-0.31391,-0.14586,-0.29185
-0.42403,2.2522,0.068809,0.32122,0.15932
-0.45633,1.984,0.20855,-0.4562,1.1138
2.6205,0.28348,2.8438,-0.24534,-1.2228
0.20729,1.775,-0.40031,0.84287,0.62233
-0.2557,4.2703,0.76423,-0.66423,-0.74373
-1.3505,1.3424,-0.69126,2.0132,1.7345
-0.73384,-1.598,-0.64712,0.58996,-0.62498
-0.56186,-2.6605,-0.56665,-0.5534,0.44114
-0.4239,2.6797,-2.7406,-1.2428,1.5919
-0.78454,1.2267,-0.25095,1.5918,-1.3931
-0.096147,-0.53883,0.2067,-0.035317,-0.29169
-1.0461,-1.4598,-1.5045,-0.71311,-1.9839
2.2348,0.97604,1.6441,0.059404,-0.88996
-0.58496,0.50544,-1.7924,-0.444,-0.77503
-0.072653,0.52906,-0.6131,-0.71341,0.16022
2.4236,-1.3866,1.8578,-0.82952,0.134
0.15642,1.1387,-1.7025,0.3266,-1.3014
-0.71607,3.6927,0.6288,-0.44183,-0.93645
0.009444,0.016843,-0.76422,0.28889,-1.7766
1.6938,2.5989,1.9668,0.6168,0.10505
0.14361,0.68327,1.6956,-0.80804,1.9072
0.32612,1.7632,1.2104,1.831,-1.4589
1.3478,-1.0837,1.1673,0.011551,-1.2872
-0.41083,4.4518,-0.65366,-1.2641,0.40483
-1.1506,0.80912,-0.51221,-1.191,0.53296
0.59129,1.7549,1.8094,-0.84318,0.57927
-0.15328,0.06783,-0.11792,-0.51891,-0.1395
0.47959,3.4128,1.7154,-0.9472,2.378
-0.40453,0.1032,0.66041,0.60706,0.036328
-1.1268,4.0362,0.16762,2.5733,-0.49172
-0.83153,1.4705,-0.17966,-1.2965,1.2702
2.588,1.6434,1.8142,-0.56473,-0.45081
-0.9603,-3.4768,-1.4037,-0.30224,-0.99141
0.21826,7.0384,0.14098,-1.6215,1.9707
0.57448,-0.041843,0.51449,0.62776,-2.0212
-0.65489,2.2788,2.4134,0.70593,-0.57363
0.38637,3.3826,1.3053,1.5253,-2.0674
1.4154,8.4117,-0.44197,3.7133,-0.80076
-0.89832,-1.3559,-0.39963,-1.1897,0.82605
0.076692,3.6493,1.2941,-1.0218,0.35483
-0.33044,2.5025,-0.285,0.11879,0.71143
0.12121,-0.77468,0.79137,-0.87608,-0.1272
-0.56458,-3.0929,-0.39409,-0.98324,1.3102
-0.21047,-1.0809,-1.7072,-0.20969,0.72036
2.6518,3.3878,1.5073,0.17711,-3.6796
0.73086,0.74647,-2.1227,0.65954,-1.6151
-0.44371,-0.76883,-1.661,-0.47761,2.2905
0.17741,-2.1115,-1.8135,-0.67615,0.73459
0.19355,3.834,-2.6203,0.28875,1.9025
-0.30002,0.14941,-2.114,0.19438,-1.2379
-0.56902,-1.0638,-0.19748,-1.0175,-0.34052
-0.17406,6.6638,1.4108,0.15113,-1.4694
-1.1952,-0.97448,0.39143,1.2261,-1.2362
0.49639,3.0235,1.2997,-1.0683,-0.87629
0.011587,1.2252,-0.30774,1.0817,1.2519
-0.24666,1.7563,-0.14491,-0.23443,-0.89174
-0.3902,2.5642,0.12894,-0.72335,-0.7782
-0.15837,1.3527,-0.30907,0.97926,-1.2277
-0.60655,3.0186,-2.8996,-1.3093,2.2158
-0.26321,1.9916,-0.4886,-0.64499,-0.15505
-0.42582,0.41443,-0.79164,-0.63917,1.8619
-0.71636,0.40344,-2.2018,0.3663,-1.2601
-0.34087,1.3522,0.33082,-0.26901,-0.43452
-0.92837,-0.29075,-0.011909,-0.45956,-0.25905
-0.70115,2.1172,0.18342,0.14886,-0.22799
-0.19111,-1.8204,0.33613,-1.8818,1.0718
2.485,4.238,2.6495,-0.39752,0.34012
0.51078,3.2996,1.9895,2.3163,-1.7972
0.23703,-0.21508,0.30679,-0.5913,1.4885
1.1551,2.4869,2.2417,-0.15649,-0.92341
0.15595,1.1331,0.13063,-0.065118,1.4917
-1.033,3.3632,0.29686,-0.12297,-1.1322
0.03189,2.4081,0.079557,0.56712,-1.0588
0.085849,5.8115,0.86813,-0.47357,0.054673
0.19201,5.038,-1.2073,-0.61163,2.6089
-0.36348,3.2863,-2.9266,-1.4626,1.8988
1.0697,3.1425,1.0474,0.12934,0.28103
1.2855,1.3494,3.168,-0.37529,-0.18818
1.0273,2.7499,2.5155,-0.39195,-0.62233
-0.63566,1.4023,0.086941,-0.6641,0.39441
0.44192,6.0547,-1.551,-0.28369,1.34
1.2491,-1.6857,1.3515,-0.067254,1.0135
0.47192,0.6595,1.0846,0.9309,-2.023
-0.86664,-2.0669,-0.84564,0.14978,-1.6967
3.733,-1.1303,1.1083,-0.80641,-0.44716
0.0043741,-0.86462,-1.4031,-0.6551,0.98377
-0.24666,0.30192,1.3844,-0.41073,-0.69161
-0.81154,3.8245,1.3962,-0.51802,-1.2642
2.5605,-3.5067,1.8894,-0.31016,0.17265
-0.44689,-1.3903,-1.4961,-0.52998,1.869
0.68549,3.0997,0.053453,0.65873,-1.5173
-0.6578,0.31626,0.76437,-0.87013,1.3736
-0.57371,-2.7727,1.1456,0.31804,0.55022
-0.11018,-0.089741,-0.82816,0.43987,-1.6204
0.32134,4.7942,-1.1996,-0.89348,-0.79966
-0.64209,-2.4825,-0.49363,-1.2009,0.60215
0.0032682,2.415,-2.8808,-0.11672,2.7977
-0.70507,4.013,-0.92777,-0.99227,0.40234
-0.091381,-1.4312,-0.17697,-0.22727,0.60766
-0.28274,0.091609,-1.7666,-0.60847,1.0449
0.58043,-1.7156,-1.2157,-0.42959,0.64134
-0.39869,2.8675,-0.46921,-1.2339,-0.2304
-0.54848,-1.2941,-1.028,0.20786,-1.5045
-0.30717,0.86511,0.32943,0.093282,0.11267
2.007,1.1168,2.4415,-0.95049,0.33035
-0.79731,-0.71652,0.96002,-0.45563,0.18747
-0.47914,0.90606,-0.99417,0.14675,0.17581
-0.057659,0.21575,-0.9939,0.71491,0.25532
-0.97098,1.5495,-0.51065,0.10921,-0.53129
0.35421,-1.6462,-2.3744,-0.22671,1.2017
0.50256,3.4278,0.86824,-1.3673,-2.5721
-0.16171,-0.74802,0.71028,0.56739,0.89
-0.041414,-1.0177,0.063192,0.37862,-1.4181
-0.11843,4.0259,0.71046,-0.56693,-0.29209
-0.69504,-2.8159,-1.0138,-0.29104,-1.5021
2.368,2.8978,2.5231,1.1662,-0.39735
0.11561,1.8737,-1.0239,-0.46463,1.4496
-1.6125,1.6779,-1.9628,0.99002,-0.67679
-0.38797,0.81749,-1.3086,-0.49002,0.35772
-1.1652,1.9984,-0.61117,2.2145,1.2685
-0.50661,0.99893,-1.0832,-0.80226,-0.7805
-0.4591,0.97793,-0.40164,-0.43278,1.6657
-1.3715,-1.0668,-1.4685,-1.202,0.95635
-0.91903,2.209,-0.57673,-1.8689,2.7914
-0.8233,1.1956,0.61311,0.27109,-0.21843
-0.72004,-0.39137,-0.34396,-1.0516,-0.18498
0.59174,2.28,1.9404,-0.7945,2.3823
-0.33506,-0.94077,-0.58104,-1.5702,1.1454
-0.55047,2.3231,-3.0504,-1.0425,0.5076
-0.29475,-1.2665,0.42519,0.16257,1.2436
-0.81833,2.7069,0.42701,-0.96542,-0.10594
-0.21624,2.6024,-0.28931,-0.63969,0.84121
-0.70259,-0.39939,-0.040224,-1.3739,-0.3644
0.088038,0.47226,-0.80016,0.56406,-0.58855
-0.57736,-2.5362,0.43891,-0.92426,0.5291
-0.26122,2.2452,-1.6864,-0.20439,0.53621
-0.098987,0.42237,-0.50189,-0.0056713,-1.3423
-0.14959,-0.389,-0.2035,-0.57074,2.2067
-0.45632,-0.40249,-0.14126,-0.23066,-0.75561
0.2123,5.9252,-1.9391,-1.2131,2.2145
-0.80954,1.9307,0.88741,-1.2768,1.6528
0.11473,1.7999,-2.4585,-0.065676,1.3628
-1.7401,0.57734,-1.8925,0.58706,-0.82926
-0.33999,1.0665,-0.012905,-0.072382,-0.11368
0.23551,3.5222,-0.63988,-0.16054,0.48302
-0.07111,1.8418,1.021,-1.0348,1.8727
-0.1768,0.72471,0.023266,-0.61711,0.87698
-0.46041,1.176,-0.036013,-0.28637,-0.035475
0.067698,0.72075,0.089513,0.59213,-1.7391
-0.45103,2.2647,0.29391,-0.6281,-0.5167
-0.071426,1.533,0.30944,0.4946,0.14635
2.717,-3.7079,0.68865,0.075169,-0.085057
-0.81623,0.32302,0.32674,-0.99594,1.71
1.855,11.648,-0.66511,0.45916,-0.9637
-0.27777,5.6272,-0.24751,-1.4239,1.6383
1.8959,3.0395,1.8125,-0.37788,-1.0324
-1.5252,1.7649,-0.88078,2.5942,1.4419
-0.80659,-2.9168,-1.6265,-0.86018,-1.1492
1.7705,1.6676,1.8293,-0.16988,-0.17805
-1.2042,0.10624,-1.5534,-0.14085,0.40142
-0.58564,3.7998,0.57927,-0.54679,-0.012204
0.019731,-0.90506,-1.8461,1.6649,-1.6416
0.26251,1.8127,1.621,0.96576,0.481
-0.95349,5.2191,0.45006,-0.65757,-0.53381
-0.71742,-0.26157,-0.48673,-1.6432,1.6155
-0.72427,2.9356,0.44855,-0.15924,-0.31868
0.90239,2.742,2.0526,0.0049958,-0.65517
-0.32915,0.41222,-0.31818,-0.76226,1.3296
-1.533,1.9955,0.134,2.5886,-0.57939
-0.52535,-0.3293,-0.6344,-0.79635,1.3574
-0.2295,-0.95388,-0.11084,-0.81547,0.047539
-0.53455,2.0009,1.02,-0.67607,1.0821
-0.28483,0.93258,0.1081,-0.18462,0.015792
-0.13686,2.8394,-0.64178,-0.12635,-0.50704
-1.2729,-0.23462,0.02773,-0.072794,1.3156
-0.1705,0.67684,-0.56268,-0.71776,-0.75631
1.8847,-1.4343,1.5254,-0.54021,1.0198
-0.40746,0.79933,-1.3678,0.58012,-0.85678
-0.44485,2.1406,-0.40413,1.9453,-0.8541
0.15007,0.18453,-1.5315,1.0204,-1.3548
-0.16748,-0.9861,-1.5396,0.38191,-0.34698
-0.57059,0.68392,-0.17926,3.2096,-0.029362
-1.37,-0.053051,-1.0524,-1.3864,0.45998
-0.60575,-2.3531,-0.39732,-0.70665,-1.8792
-0.093779,3.127,0.0060915,0.079531,-1.0764
0.27476,0.26827,-0.45454,0.32487,-0.64823
-0.089094,0.72039,-0.39748,0.78009,-0.72022
-0.46558,-0.6503,-1.9691,-0.625,1.0608
-0.008723,0.46604,1.3424,-0.57511,0.75361
1.5851,2.1681,2.0086,0.026133,-1.3504
-0.42486,0.049767,0.63139,-0.18488,-0.094243
2.2911,0.51071,1.9205,0.54363,-0.38865
-0.80931,0.18328,-0.98707,-0.0095768,-0.50376
-0.017249,2.6246,-3.6124,-0.51934,1.3534
0.28122,1.5551,0.50931,0.82522,0.41027
1.1505,0.55468,1.0234,-1.0551,0.10667
-0.62705,-1.0323,-0.90248,-1.3306,1.1987
-0.28698,-0.69374,-0.83777,-0.567,2.6307
0.62408,3.976,2.7969,-0.14783,0.082251
-0.21541,1.1024,-0.83521,-0.1945,1.7863
2.1162,5.9892,2.9608,0.71273,0.70183
0.12691,0.5787,-1.8038,0.29838,-0.70174
0.085006,0.83913,-0.17964,0.40058,0.11655
-0.27856,3.012,-2.7391,-0.82634,1.4381
-0.44955,1.0105,-0.098062,-0.91013,0.84496
-0.59137,-0.10913,0.58424,0.19499,1.0121
-0.42046,-1.7406,1.072,-0.5697,-0.32706
-0.29275,4.5679,0.87941,0.67009,-0.35212
-1.4577,1.7217,-0.027878,1.1286,1.2391
0.39932,2.1493,1.1863,-0.63373,-0.37016
-0.31805,2.0258,-0.47695,0.46138,-0.092826
0.31347,-0.10165,-1.2271,0.63307,-1.56
-0.67496,-0.59656,-0.38334,0.98044,-1.2851
-0.29686,2.942,-1.1107,-0.60811,-0.26934
-0.64612,2.3033,0.48409,-0.58023,0.56562
-0.29812,-0.2211,0.28791,0.043917,1.2481
-0.31361,-1.3197,0.8313,-0.55408,1.0186
-0.17421,1.0572,-0.4037,-0.21255,0.17649
-0.13016,1.4726,-0.11809,-0.40055,5.2138e-05
-1.8145,3.6432,-2.0476,1.1319,-1.6208
-0.47007,0.4871,-1.0594,-1.2056,0.25246
-0.3605,-0.57207,-0.77825,-1.0808,3.1603
-0.83147,-0.51501,-0.092385,-0.17349,1.2316
-0.24855,-0.45487,0.94941,-0.54739,1.2211
-0.13838,-1.1594,0.49174,-0.87078,-1.37
-0.031802,-1.6433,-2.1652,-0.38321,1.4145
0.47019,2.3071,1.6715,-0.64908,0.97281
-0.45671,1.4904,-0.027807,0.87839,-0.63883
-0.19979,0.66198,0.23245,-0.42812,-1.4651
0.18312,1.5982,1.9293,-1.169,1.8005
1.2505,3.5637,2.5201,0.78212,-0.097283
2.6688,0.26762,2.1256,-0.50393,-0.5338
3.1479,1.1261,2.7957,0.12332,-0.69689
0.32917,-2.9593,-1.5818,-0.2959,-0.94277
3.2255,1.8444,2.1015,-0.4027,-0.27476
0.53113,1.6771,0.18677,1.1749,-0.78026
2.945,-0.15571,1.807,-0.66604,1.1504
-0.43309,6.4387,1.0542,0.51203,-1.1758
-0.27957,0.91133,-1.3084,1.2879,-1.3113
0.0955,-0.94563,0.040216,-0.00046783,0.10489
-1.6702,1.0883,-1.0306,0.57384,-0.65349
-0.069388,5.136,0.48958,-0.16839,0.079667
-0.037112,5.1547,0.30649,0.87348,-2.3921
1.7198,1.1076,1.5863,0.27144,-0.3998
-1.1611,-2.4918,-1.2137,2.4169,-1.3017
-0.47508,-2.0463,0.15881,-1.3962,1.1207
-0.70085,1.9051,-0.62051,-0.21102,0.092928
-0.75377,-0.080413,0.18707,-0.94408,0.98346
-0.69475,-0.73837,1.0646,-0.16487,-0.87716
-0.76915,4.247,-1.2193,-1.3513,1.0652
-1.1897,1.5051,-1.2207,2.7059,-0.37738
-0.52333,4.3431,0.52695,-0.72957,0.052659
-0.33717,0.65557,0.43969,0.039284,-1.7336
-0.16613,0.15931,-2.6719,-0.69415,0.060693
-0.21658,2.1841,-0.15924,0.34282,-0.28801
-0.5881,0.55758,0.53925,-0.40005,-0.25939
0.039156,0.6004,-2.936,0.3316,2.2489
-0.53165,0.16154,-0.87111,-0.77734,0.80244
-0.62707,-0.05655,-1.3206,0.2244,-1.1637
-0.1265,-2.3988,-0.62271,-0.32611,-0.09625
1.2975,1.6589,1.6328,-0.46585,-0.094465
-0.046229,-0.71082,-1.4242,-0.20805,-0.49943
-0.32099,1.5696,-0.3672,-0.54452,2.3503
0.14288,2.6102,-0.78186,-0.2347,0.24931
-0.086905,0.5958,-0.49931,-0.98102,1.4009
-1.0355,1.3708,-2.0429,0.51108,1.0904
-0.11202,-1.5716,-0.91673,0.26601,-1.3056
-0.36901,-0.78564,0.54351,0.026134,-0.94081
0.56555,2.3592,-2.0941,-0.25458,0.90117
0.77516,0.96841,0.95661,-0.21704,0.27813
-1.466,4.2254,-0.16867,1.069,1.7815
-1.6776,1.8348,-0.027474,-0.46906,2.0799
0.36489,2.7106,1.1753,-1.3317,2.354
0.0051842,1.7924,-0.091202,0.15079,-0.45605
4.1378,4.2575,2.5542,0.55404,-0.7802
-0.67269,-1.9635,-0.95544,-0.61055,1.7191
-0.43567,0.19862,0.0038457,-0.56592,0.49624
-0.29971,3.1829,-2.4978,-1.8443,0.60325
0.020311,1.949,0.33694,-0.36614,-0.88598
-1.021,0.87063,-1.3946,-1.2021,1.7487
2.9688,-0.50004,2.4883,-1.0466,0.20713
0.0093723,2.7807,2.4017,-0.90898,1.455
-0.92135,2.939,0.84026,-1.3069,1.8242
-0.18979,1.7776,-2.552,-0.46796,1.0751
0.14481,-0.45757,1.0264,-0.59335,-0.6005
-0.18872,0.86443,-3.2187,0.73375,1.4015
-0.43706,0.49642,-0.20255,-0.76411,0.19999
0.55349,1.2387,0.93066,-0.75791,0.31693
-0.71492,2.1876,1.4235,-0.54581,1.6921
-1.1949,1.7662,0.11237,-1.5265,1.3716
-0.52788,1.9431,-1.3487,0.33417,-0.76684
-0.71796,0.5054,-0.21005,-0.039138,-0.53331
0.077277,-0.41927,-0.070569,-0.31802,2.0498
-1.5129,0.71158,0.53505,-0.68227,1.8693
-0.24272,1.6082,0.7235,-0.054992,-0.86902
0.87583,1.8447,0.57258,-1.7953,-0.32197
-0.44011,3.0015,-0.0045156,-0.7945,1.4264
-0.45247,-0.34777,-0.069525,-0.80132,1.8608
0.83611,2.9612,1.7427,-0.36819,0.1279
0.072027,1.5446,-2.0481,0.19724,1.3194
-1.8715,2.8437,0.060693,1.684,1.9278
1.3837,7.8494,0.59623,-0.60404,-0.010146
0.19497,1.6969,-1.3316,-0.66238,0.010574
0.28629,1.9902,0.47361,0.70522,-0.89148
-0.50905,1.9758,0.52109,-0.71747,-0.14574
0.50313,5.097,-0.46024,-1.1378,0.55526
0.073202,0.088426,-0.40934,0.0073585,-0.82533
0.16118,2.1269,0.88422,0.47319,0.28628
-0.31151,3.7111,-0.52772,-1.1557,1.9824
-0.89377,1.7518,1.9672,-0.88874,1.4329
1.944,1.4243,2.4108,-0.47245,-0.094483
-0.28712,3.356,1.4157,0.17733,-0.58792
-1.0714,1.6458,0.16233,-0.8098,1.5158
-0.28517,-1.3855,-0.76731,-0.17948,-1.0863
-0.20807,0.62956,0.90831,1.781,-0.40631
0.067224,1.746,-0.28549,-0.94408,1.0466
-1.2975,1.6817,-0.68697,-0.81904,0.96164
0.47449,2.0054,1.0331,-0.71013,0.19385
0.14515,2.2723,0.92579,-1.1904,0.77742
-0.63079,-1.1915,-1.1389,-0.66496,0.16227
-0.58104,-1.2663,-0.71805,0.12697,0.28441
-0.51517,-1.0889,-0.28971,0.59579,0.23155
-0.23565,-0.45809,-0.87199,0.43164,-1.2024
2.666,1.4097,1.4568,-0.23434,-0.96584
0.049028,1.3555,0.1811,0.63532,-1.2098
3.1351,4.7631,2.8218,0.88339,-1.2872
-0.19837,3.0975,1.1839,-1.2155,2.7331
-1.0094,0.27822,0.14893,-0.96166,0.31625
-0.43381,1.499,-0.50734,0.53484,0.24243
-0.38323,1.4281,-0.045703,-0.62352,0.22842
-0.90318,-3.151,-0.11915,-0.93764,0.15331
0.20292,-1.0614,-2.0147,-0.26265,1.6369
-0.21366,2.4067,0.57508,-0.40469,-0.83778
-0.47213,0.48927,-0.31069,-0.59192,0.079037
-0.83846,0.2186,0.11797,-1.1489,0.94001
-0.91822,-1.4288,-0.32473,-1.0308,0.53762
-0.28075,1.072,0.67722,-0.044839,-0.89208
0.53254,-0.73617,-2.0524,-0.21717,0.84638
-0.74873,-3.0437,-0.96981,-0.094182,-1.4867
-0.3976,-2.8005,-0.2364,-1.2601,1.3195
-0.2273,1.1532,0.45742,-0.73568,-0.32402
-0.56021,-1.5841,0.18462,-1.1573,1.3904
-0.076151,0.64809,-0.435,-0.51468,0.85935
0.70359,1.7372,1.3923,-0.65053,0.23722
-0.17887,3.7648,0.67094,-0.16246,-0.39355
-1.2857,4.1216,-0.42871,1.5054,1.5532
0.39256,-0.6114,-0.55608,-0.57652,0.87076
0.2231,1.9142,1.6791,-0.06694,1.1099
-0.31796,1.1866,0.47625,-0.28603,0.41404
-0.59117,-0.062542,-0.34691,-1.0394,0.29914
-0.47806,1.5932,-0.57262,-0.56153,-1.1793
-0.0072843,-0.81148,-0.87777,0.80222,-0.7183
1.9361,3.7637,2.2629,-0.21029,0.69387
0.53161,3.0229,1.5483,-0.19053,1.3876
-0.080761,0.90704,-0.63865,0.30524,0.30127
-0.70514,-1.0618,0.64577,-1.147,1.6585
-0.21728,3.474,-1.4281,-1.4289,1.3587
-0.6153,1.5884,-1.0517,-1.473,0.56469
-0.010438,1.2378,1.0845,-0.79204,0.09779
0.21138,2.5323,-1.2987,-0.45628,1.4689
-0.65698,2.9913,-0.071406,-0.28035,-0.035935
0.46996,2.2637,0.69053,0.49341,0.52347
0.1566,1.6976,0.40032,-0.7819,-0.084453
-0.61,-0.76751,0.89648,-0.18104,0.24892
2.4177,2.272,1.6307,-2.194,0.67765
0.54799,2.1812,1.3308,-0.54036,2.4135
-1.037,0.84065,0.99188,-1.7307,2.3628
-0.26417,2.0173,1.3389,-0.59008,1.1101
-0.64438,-1.9664,0.49907,-1.2955,1.6047
-0.56917,4.0025,-1.9126,-0.32176,0.39276
0.06402,-2.67,-1.7272,-0.54866,-0.39483
-0.1218,1.4043,-1.0983,-0.6734,3.2457
-0.49628,-0.31763,-0.27928,0.40491,-0.6994
0.29903,4.6161,1.6963,-1.7207,2.7844
-0.4544,1.5059,0.4283,-0.22256,-0.61413
-0.91307,-1.5316,-0.64956,-1.7457,1.3166
1.7429,1.4032,2.3129,-0.27955,-0.0023262
-0.22884,2.2436,-2.6415,-0.096063,-0.57266
-0.037005,-3.5488,0.37248,-1.2206,0.32641
-0.42575,-0.69219,0.46742,-0.70108,0.15282
-0.24431,-0.77854,1.3835,-1.1077,0.22042
0.44236,2.7395,2.1954,-1.1105,1.3577
-0.37465,3.2639,0.4918,0.49839,-0.36273
0.52805,-0.050072,-0.066873,0.07026,-1.733
-0.38641,0.63359,-1.8497,1.0646,-0.25962
0.035994,-1.04,-2.7137,-0.43263,1.9651
-1.0771,0.56499,-0.34646,-0.24319,-0.42042
-0.43161,-1.905,-0.1378,1.1168,-0.71751
-0.19043,-0.46662,0.016997,0.024304,-1.9618
0.49033,1.4126,0.91898,-1.3362,-0.08189
0.23087,-1.1319,-1.2846,-0.37827,1.2255
-1.1671,-0.11781,-0.71604,-0.87768,0.36906
-0.0070799,-1.1305,-1.3074,-0.5642,1.2217
-0.044196,2.633,0.12387,0.18539,-0.093016
-1.0705,1.1277,-1.1815,1.9337,0.65366
-0.22192,2.6925,-2.2989,-0.17018,0.83703
0.13561,2.7843,-3.0664,-0.71435,-0.32126
-0.52289,-0.44565,0.30622,-0.19893,-0.58058
-0.40607,0.5378,1.341,-0.42347,1.1006
-0.71993,7.648,-2.2048,-0.80045,1.5864
-0.82365,0.32356,0.088769,-0.39788,0.033963
-1.4179,-5.2504,0.074672,3.1198,-0.63602
-0.16239,-1.8308,0.051204,-1.6228,1.6579
-0.054202,0.78099,0.25283,-0.028587,-0.029338
0.05165,0.96136,0.26683,-0.57997,0.85545
0.065815,2.4122,-0.54778,-0.41485,0.13463
-1.1911,1.7311,-0.60416,-1.0508,1.5372
-0.55178,-1.4419,-1.7923,-0.74144,2.7496
1.0631,1.4157,0.13448,0.85535,-1.1814
0.05857,1.9954,-1.482,-0.47167,1.2514
0.064893,0.48826,-1.6253,1.0185,-0.68346
-0.13717,-3.7477,-0.21589,-0.91287,1.5011
-0.39302,-0.87507,-0.10113,-0.22425,0.81393
-0.20584,1.5825,-0.47114,0.57953,-1.8724
-1.1111,1.6027,0.29836,0.14194,-0.59283
-1.2812,-5.7591,-2.1867,-0.79761,1.3047
1.0986,3.0788,2.0756,-0.063283,-0.27977
0.23949,0.72552,1.6758,-0.04705,-1.2025
-0.67651,0.23168,-0.063396,-0.08455,-0.0098319
2.6368,3.8947,2.483,-1.0494,1.8434
0.0087961,3.1202,1.3866,-0.10829,0.60243
1.2029,2.6141,1.7087,0.1301,-0.32021
-0.94094,-2.0143,-1.2341,-0.72264,-1.0093
-0.60587,-0.0099233,-1.4737,-1.4432,0.5459
0.1301,-2.2131,1.474,-0.891,0.60404
0.47727,1.8363,2.1209,-0.056558,0.96478
0.079207,1.2701,0.79476,-1.0226,1.107
-0.025075,-0.81567,-1.8223,-0.085465,-0.55381
-0.59748,-2.6906,0.30296,-1.6357,1.4761
-0.34554,0.15372,-1.352,-0.98918,2.2188
-0.44068,5.1602,-1.5576,-0.57804,1.5628
0.39994,4.573,-1.0644,-0.4697,2.4465
-1.438,-0.32642,-0.8818,-1.0836,1.3812
-0.87038,1.4009,0.0090077,-1.597,1.6918
0.32961,1.459,-0.62277,-0.20283,2.272
-0.037293,5.6238,-0.78529,-1.981,2.4003
0.14236,1.1795,-2.675,-0.85184,0.10905
-0.58729,0.20675,-0.95944,-0.48068,-0.11618
-0.36618,1.1472,-0.23128,-0.19433,-1.0232
1.7234,12.752,-0.26114,3.078,-0.46681
-0.54308,-1.258,-0.28383,-0.99668,1.6667
-0.14984,2.7384,-1.0539,-0.0084273,-1.3834
-0.57422,-0.72981,-0.72211,-0.3889,1.1271
0.048567,1.8569,-0.17584,-0.40119,1.3221
-1.6871,-4.0333,-1.7369,2.5878,-0.13907
0.64316,-0.64964,0.89948,-0.026039,-0.36924
0.64218,5.0016,3.6073,-1.6915,2.1131
1.8803,1.0228,1.9554,-0.058855,-0.94763
-0.13878,0.46326,-0.033843,0.7529,-1.0529
-0.081424,1.8424,0.064632,0.3622,-0.78054
0.4051,-2.0487,1.2063,-0.11909,-0.39839
-0.26263,-1.7606,-0.5474,4.4233,0.032086
-0.66181,-0.55147,-0.74757,-0.45853,1.6751
-0.74591,2.1995,-1.294,-1.7349,-0.4459
-0.6933,-2.7131,-1.1389,-0.081889,-1.0885
-0.65359,-3.0873,0.16523,-0.69996,0.34447
-0.32969,0.54395,0.7572,-0.76771,0.80679
-0.56009,0.70169,-1.5152,-0.70866,1.9084
0.21204,-0.15984,1.4665,0.068343,-0.33346
2.3628,3.4642,1.6866,-0.91039,-0.69018
-1.3928,-1.5346,-1.0677,2.7499,-0.25916
0.30363,2.5654,0.13232,-0.19836,0.78766
-0.047732,2.0145,-2.8658,-0.85984,-0.37815
0.92432,3.2772,1.6569,-0.77727,-1.0457
-0.34507,0.81189,0.32268,-0.20792,-0.39104
-1.1266,4.0012,-0.94251,1.2357,0.6104
0.17146,4.7051,-0.64685,-1.2154,2.7346
-0.49113,-1.0339,-0.779,-0.62951,2.2225
-0.49706,2.2164,1.3334,-0.27619,-0.90654
-0.095226,-0.28411,0.80696,-0.62454,0.9463
-0.13581,0.39453,-0.89001,0.65187,-1.3727
-0.46977,2.4844,0.5394,-0.81366,-0.048189
2.2097,6.8568,2.6023,0.29452,0.44854
0.23661,2.5004,-0.77566,1.0145,0.14491
-0.68945,-0.52262,0.0016665,-1.121,0.068764
-0.62617,0.78026,-2.7264,0.39765,-0.10582
-0.90992,-1.2253,0.6751,-0.7263,0.48868
0.19214,-0.12461,0.3151,-0.79599,1.7839
1.1183,2.1195,2.1173,-0.44731,1.8711
-0.18498,-1.6738,-1.8742,0.084334,1.6684
-0.66034,-0.13347,0.75466,-0.63688,1.5381
-0.20995,1.51,0.059566,-0.92619,1.1097
-0.73022,-0.023374,-0.59958,-0.085478,2.4343
2.0077,1.0713,1.6783,-1.6599,0.12511
-0.32058,-0.72178,-0.30784,-0.26991,-0.051986
2.9984,-0.14614,1.9885,-0.036786,0.90961
0.32679,-1.709,0.88691,-0.90426,0.65058
1.4163,4.5804,2.5986,0.67249,-1.1936
-0.112,-0.049726,-0.24724,-0.45091,1.5702
-0.55407,2.3077,-3.4467,-0.49981,1.7071
0.1235,1.1515,-0.83004,-1.0078,0.74509
0.58226,3.0722,1.9095,-1.598,2.3392
-0.36495,1.3795,-0.26937,-0.14039,-0.44411
-0.18799,1.6573,0.70665,0.95838,-1.9688
-0.85642,-0.87876,0.13679,-0.42993,0.76053
-0.23508,0.66741,0.87537,0.66158,-2.0649
-0.13524,-0.62609,0.92613,-0.17723,-2.2328
-1.2984,-2.7614,0.41094,1.9124,0.99804
2.0569,1.5368,1.814,-0.15812,-0.93555
0.16051,1.4849,-0.43678,-0.97669,-0.11508
-0.43192,1.6034,0.30347,-0.51494,0.50677
-0.24872,-1.2229,-1.4276,-0.20795,0.78999
0.14955,2.8644,-0.6544,-0.39176,2.7953
-0.22618,1.6207,0.067379,0.68787,-1.8116
-0.33685,-0.8357,-2.3619,0.86406,-1.6308
-0.36091,-0.037645,-0.98099,-0.26208,1.8058
-0.35699,4.2728,1.2761,-0.85682,1.4333
0.31425,0.94731,-0.15154,0.64336,0.60621
0.1156,4.2056,1.0409,-0.52864,0.6075
-1.7928,-6.3516,0.091087,2.0131,-1.5108
-0.96433,-0.6223,0.13863,-0.78578,0.17592
-0.21349,4.582,0.44914,0.53341,-1.0504
-0.2628,-0.057066,0.68281,-0.16755,-0.29809
-0.23259,1.6975,-2.7802,-0.51396,0.51904
-0.30984,4.3574,-2.2632,-1.3782,1.9225
-0.60034,1.2221,-0.59394,-0.27389,1.6741
-0.47032,-0.30962,-2.0136,-0.25389,1.0854
-0.90066,2.0601,-0.019425,-1.0232,1.9087
-0.40487,1.3175,0.11071,0.48863,0.667
-0.69567,2.1118,-1.0623,3.1927,-0.70994
0.4995,1.3403,-2.8704,-0.59304,0.34868
