PIDN,Ca,P,pH,SOC,Sand
09gt9UK5,-0.6376103436205662,-0.16881548703774696,-1.0254023701953783,-0.6257519980848478,1.1237197639823737
0BVvxJ6a,0.34815818061912207,0.026765441427429426,1.0042934317618675,-0.00667340556803353,-1.3637114867873859
0KbdgApg,-0.16247156431455867,-0.1993820741251251,-0.007612786635048829,0.0973522494543495,-0.7067057461250581
0MnuuduB,-0.30082571488031906,-0.2895364143695782,-0.11423952479675692,0.6506434744856229,-0.8664899528926551
0PcIsF9z,-0.37736937775855584,-0.2289879954342804,-1.6843091575475582,0.3056567171819502,-0.24108969621010168
0ShTFLYJ,-0.4607243890913546,-0.7179877595311122,-0.7452320513543909,-0.6932186678165344,0.38832622947956885
0XZh9jka,-0.5154703491804762,-0.17716973852439777,-1.0507283076643843,1.0588215165081074,-0.8237838028039075
0Y7Wegri,-0.29706675929736637,0.15709662410809289,0.5368506737308836,-0.027668777583681248,0.27990826390340295
0dTqplIM,0.05959107979731382,-0.06067338833700786,0.6392739761098925,0.2775934308903807,-1.0474285892691935
0lNiZicC,-0.43729303923379437,-0.49323775111842805,-1.5566217678144894,-0.6060902487337039,0.09270945598451341
0rGeJ0QN,-0.44720537391828064,-0.020773831482969296,-0.5191260478433846,0.13954381244987601,-0.057893775685888826
0sXI9ytQ,-0.572722151920062,-0.3289378749034735,-0.29697106811376117,-0.7986735359599315,1.6715798076551867
0ukt4aP6,0.7315369847104867,0.07098101920162536,1.2217364618117459,-0.683581711955167,0.11687300379811383
1AGspb8f,-0.3788762289564156,-0.46102331056424317,-1.014130072033039,0.14926805675459676,-1.0846486978463101
1Csy0gvE,-0.3948484764092095,-0.19753027859711336,-0.005101234504321761,-0.60280585548416,0.6401208870031585
1Ic2hly1,-0.32409262265662253,0.0344967393136959,-0.22246785169853767,-0.10731938432665444,0.45261366157576255
1PPbaTwt,-0.3866809846296073,-0.07608778668433969,-0.4701622690524927,-0.618815698480983,0.7136944908617782
1SO5VJNy,-0.28696832535700967,-0.06132208453605825,0.042128175725268724,-0.47439649294015496,0.7173326733915335
1arHxK3Y,0.8515410988955514,0.24213142943195054,1.5758185316010314,0.4706911334418642,-0.5068171139463882
1fCW4Bba,-0.4256399085916778,0.009604033932604228,0.09816478701820741,-0.4634358251825965,0.5701946186923212
1qDZNvIm,-0.5571221038146641,-0.2900103721325844,-0.20926557577662508,-0.8147638728921542,1.2469906614766817
28LYJC2V,-0.3361400959535681,-0.1011227592541526,-0.9985975962452598,0.7086850016912258,-0.6634589538505704
2CzACvQq,0.6803834977406487,0.17217276958815875,1.739544814944155,-0.3155694135939875,-0.22257573268278996
2FT3crfv,-0.33266747439177013,-0.18183645488390665,0.22574529976286484,0.3248780348151463,-0.7659335326431371
2Fy2uHVg,-0.548788302421543,-0.15537815252996223,-0.5890785865680768,-0.5580076911942733,-0.33127805957393797
2MkMEApm,-0.39689628803233834,-0.13214358407888893,0.38245683008612885,-0.5621637315474963,1.1266796137234767
2NDGWEOe,0.7761034416947714,0.22155804410637403,1.7825684563693345,-0.629038088704629,-0.6064726123573703
2NyyCiqn,-0.30669545640051954,-0.07469796726625999,0.005063119458314835,-0.4685356858528671,0.7821902509670711
2QRzIb84,0.325968112297061,0.18763241301248046,1.650453016515131,-0.447621598303936,0.29387205036705133
2QcbdrUZ,-0.6246356875159913,-0.27488191647152815,-0.20404545319537548,-0.4332193512621352,0.7281399026246991
2YgAimWK,-0.337539868688169,-0.0936720664413282,0.3790536564142586,-0.508117692294757,0.7988204606441034
2cx85d9H,0.06226063657072611,-0.3126165204440521,-0.09147472468977313,0.22295898388019353,-0.9104628456255366
2homMXMV,-0.3999183896339682,0.021533339833880394,-1.458689429522748,0.12402068496512086,0.5626852251192052
2ldLrUtq,-0.4709748742976112,-0.4305467677877881,-0.275943767842888,-0.6031932223936387,-0.37702380632071275
2nsACW6G,-0.43430511477464595,-0.38888726619101943,-1.1257180275014902,1.511765295981224,-1.5430499217463218
2yMbVnWc,-0.5375377145458637,0.44885601738606384,-1.5474065979053775,1.7780127897430766,0.6867546534334767
36r8sgGQ,-0.3031905148114342,-0.23677089672177898,-0.171062971133223,-0.7113941698432704,0.7226849741475494
3NXAXCl3,-0.45578124098494843,-0.39859111363868704,-1.012719182539753,0.4415160982364519,-1.0396704668264558
3QG0z6fl,-0.5303581893147689,-0.1757298881711189,-1.0995687673993315,-0.5058459200874204,0.7291266276621489
3WS8R9qm,-0.24921389648324155,-0.43073763656705877,-0.8737692631333529,2.5581738257203206,-0.9266265130477702
3fRLm8f5,-0.26344051154563974,-0.10700325829291968,-0.9300920478837738,0.11127748400351223,0.21552832811785017
3mZhp1nQ,-0.5411717794401634,-0.4073270669217517,-0.35540245781898094,-0.5727604317931814,0.8108344991014267
3pikJXRL,-0.4870473171169474,-0.32633200244997296,-1.0205380466796454,0.5377089078578088,-0.9549652648639633
3pxOEGHL,-0.4119366711975667,-0.20452322296476622,-0.5296338554491185,-0.7184026767409755,0.7750177521809949
3ttdV3f5,-0.5069439718940894,0.043231552338014456,0.06058107886723163,0.09300099886691626,-0.9214323199010064
3v4X6Mfe,1.1134046696818123,-0.12790240394899355,1.2581291555552967,-0.6104409841505394,-0.05939330499886886
3wORuPiv,-0.5928359313421661,-0.26982190559230856,-0.7100007834596467,-0.3074476039707683,-0.8323402927056147
43EfrxZj,0.023826710146180652,-0.17326748337858033,-0.03940294048704929,0.38420896751479816,-0.49015221696310185
457Vwm21,-0.01739053441093663,0.12547409924890518,0.5825843472413099,0.4651394111381997,-0.6115428708881065
46KNnOdx,-0.4541935335855678,-0.13801756841904433,-0.9983288113497919,-0.05435568708689331,-0.17792357607003417
47TwNsVC,-0.5152119243924185,-0.529495171628795,-1.2293776309462159,1.513187218919331,-1.3199864069358025
49856RpO,-0.44283255747495875,-0.427842542131756,-1.0973384108747395,-0.5739920579143067,-0.6870281184339344
4Ane1o2N,-0.39602805909947936,-0.3119242580015533,-0.2371341410850063,-0.3505999190781317,0.19782817550953702
4AyVUgSc,-0.398627121584469,-0.4893103707761237,-0.7375546687652685,-0.6535597732102296,0.08828321713049014
4B1951On,-0.09438705343342324,-0.11455669865715334,0.07515932157206051,-0.17357124598047946,-0.03414947505966914
4OL39Teo,-0.01992502151466713,-0.035898938831550264,0.09687285790129052,0.42318705315217997,-0.2704541474794748
4eQ90eLY,-0.11926212390011504,-0.03519215000339626,0.09432241297177923,0.5424605612627325,-0.3941754790038683
4o5jwMj8,-0.35912310458968566,-0.335141050636238,-0.7044350452419066,-0.7282885691496226,0.25958006093925157
4vPgpl2c,-0.4573627171484995,-0.3916870837346518,-0.3453671644197256,-0.8391905506024209,0.4742918473712141
51r9aA0d,-0.32971204814362043,-0.5189534099655329,-0.2714291612652018,-0.8394725606496927,0.17404603160185594
58SmeRoP,-0.32570680786989303,-0.19789558618076297,-0.22470294209399655,-0.08957301158885045,-0.3394366943138518
5HJp1AXn,-0.46041615400770386,0.0738865365236312,-0.8574014222652535,0.6052148286478491,-0.23645877971494222
5MBZW7fx,-0.020292235100272116,-0.08450297515041383,0.872118655803648,-0.519545379403251,-0.07070771812111865
5Nq3gHaP,0.20843724314209933,0.1645210737098215,0.4889522302847682,0.7365347891844927,-0.142281216870904
5RmwFFK3,0.4795985797964013,0.08298225159536843,0.3838422171898388,0.06888478456314218,-1.0836582773645116
5Tu5Jbov,-0.5526639654537471,-0.13036256022989745,-0.6973997927095879,-0.2562116937075807,-0.5026539489305062
5YEolkev,-0.35674008980055394,-0.3449978848541231,-0.1516915021091576,-0.5730326795602245,-0.376493235206274
5a8sf6QV,-0.10436164730981634,-0.14533274864088197,0.49849215865906316,0.05572543284184306,-0.728868404006155
5eSvmqYm,-0.4514413985882024,-0.2308590350936437,0.06109181907236105,-0.49912131419749173,-0.14559705264402645
5hkN8fiv,-0.3115323411723816,-0.22911687196652464,-1.4118865598550896,1.0290081346488087,-0.8393707861352393
5oK8Gti5,-0.5885764954220472,-0.0958639412285005,-0.5203597923056249,-0.5827232597336938,1.2058515202070996
5paniGaU,-0.5650159639656644,-0.24269370997943396,-0.9885791347512181,-0.9215976934223526,1.321932540716725
5vsr7ZUP,0.5205745008468048,-0.17831419530192205,1.1721457959459245,-0.33052892620723284,-0.9226226779352285
60B4xMWI,-0.35752091777823214,-0.03967490915401539,0.7264822921110736,-0.8248978091000758,0.7983290235023421
64jOUtKy,0.12590568802386226,0.21451555441423453,0.3700862267056537,1.6569559117071613,-1.1715502141974437
6AJo4xNG,-0.4214854888496129,0.012227011502389917,-0.37745148899513326,0.021599917479893094,0.4123121627326416
6CAvhEte,-0.4091403732208514,-0.09869489521223285,-0.5495935227782083,-0.3471097339806697,0.5675068024820096
6CuGYjT5,2.5295112244551765,-0.2159136977890479,2.1559943188041633,0.8987391381105176,-1.3707555270661853
6DGH8ujZ,-0.3229252044394011,-0.2813811781068547,-1.42430921280892,0.38806915604103054,-0.48970512595245985
6PzsGdVm,-0.2932703808021424,-0.11502482687147575,-0.9345851490622421,0.4403975725106939,-0.4310991053537716
6UcSJMbq,-0.31768668927839006,0.05725583665226042,1.1172163439307938,-0.9817680771606483,0.40583433527286594
6WJbkH8U,1.2635208129448179,-0.24613480808720523,1.5105622532639573,-0.20533998235712758,-1.125081787759873
6eUWsVzw,0.4681013274295074,-0.10432726144385596,1.4509423074541574,-0.20002221554743116,-1.0795237935569642
6gNyO7Do,0.018611639806692004,-0.1767348864692475,0.04331511550661715,0.4373976624298912,-0.8827590352761856
6jT0AyHe,-0.01855282207526532,-0.23248527368893646,0.5396782473846871,0.23848142097519442,-1.2104299298821868
6nBgCvWu,-0.5670052683651656,-0.27645318930284146,-0.283818158564783,-0.5023790618066464,0.9991934007125938
6ro5mqg6,-0.2585505202823706,-0.23837928619381854,-0.2287782454494176,-0.3046902542965704,0.38584848425268525
6sGqObX4,-0.6765243442890787,-0.3274332966632154,-0.8317135212525513,-0.5583890634234585,-0.7723157684390483
6uEGy0n4,1.7052992359539862,0.13325431434846324,2.255575817835153,-0.6126895648024906,-1.1418606592642302
7BZ4LxP8,-0.050352547004252735,-0.29814749341464575,-0.04780153212858651,-0.4996270061986188,-0.5223219504150531
7CmigXKi,-0.4449914055151689,-0.13316664742437423,-0.8615500355873122,-0.5749898476915227,0.45039464737443247
7Ga0LpfR,0.20707746664231674,0.43488552835368965,0.12209623716749873,1.5806848958283872,-0.6732730759464314
7PQsFvsG,-0.3777439175807453,-0.11447651723436492,-1.7360675212895684,1.1750119035118765,-0.40721817552524975
7aF7nnwn,-0.5453479521186759,-0.49914047055550226,-1.0187278765808527,-0.7540882236073507,0.9481881352149433
7asGzfX9,-0.23666903618857393,-0.15709495607659063,-0.0681137726201213,-0.25654024052111524,-0.045906557387175084
7cg7C92o,-0.17663923829241046,0.24170880835170339,0.23199375459488336,0.7285286342144168,0.06937288267102737
7eOxTpsB,-0.34672385874569134,-0.02435003118692647,0.445024552364474,-0.7954634953417035,1.1042834520587892
7ey0v7ma,-0.4486772332135738,-0.4147146641277426,-0.8937223856851928,0.1709297022572578,-1.1672548556530185
7gocyrYl,-0.22326689860062832,-6.0199009723316266e-05,-0.22330787272257013,0.8297935608063831,-0.27867188089532213
7gqR3GoA,-0.4128423816354152,-0.3572234994606869,-0.49443201735796394,-0.5263453091313686,-0.45694105900928683
7og7aUXB,-0.25431012644492146,-0.12422601921024023,0.4102959993042974,-0.04540031122966681,-0.144947817847358
7onRfa8F,0.18345632642154808,-0.008722304185809104,0.6270067139289368,-0.19181264176726742,0.8112711506547132
7umkNuxM,-0.15328319380961464,-0.14606132264070437,-0.2684469766939641,0.30649966159031194,-0.5868994836881054
7vPr9ExD,-0.1039545567322202,-0.14623399749869703,0.3630270861955738,0.052169232149271494,-0.6919572759286634
7zNjpCzu,-0.5334419499636747,-0.23614027702272677,-0.24083278137960762,-0.17357828207131476,-0.6464226091420837
7ztsQNj3,-0.4815060601812897,-0.17541268579553515,-0.24649039134796014,-0.2135551517605272,-0.3574627384525595
86gppwMI,-0.7229403127111036,0.035724550046169146,-1.3586606291277816,-0.5590965111192467,1.3538090063232264
88thAGdL,-0.35030680504598966,-0.16979288325948927,-0.03799610894550498,-0.3913559946356422,0.11812887723858445
8GhU8STP,1.0770029066059115,0.04996926805593249,1.378069317389462,0.5217132773410817,-0.7910829867477016
8NlzDcWe,-0.3113906250151226,-0.46499192231884434,-1.031159029888569,-0.6017810503464993,0.18741016851402925
8QAejdLW,-0.2061166983306757,-0.17909018219033568,-0.027640718478904924,0.144482784649842,-0.8739929504879935
8RDeFxWM,-0.3363487222792978,-0.2046032883013562,-0.016483641546541472,-0.7290871701214705,1.1076177745489222
8UXP2NBS,-0.5248220197702844,-0.29812531967409894,-0.3555527808135379,-0.7510461531318064,0.5013349793483233
8ZoV3KGT,-0.34041951519140046,-0.36678634640081453,0.08165343546794346,-0.3379622197898975,-0.35925017293197037
8ajs2uG8,-0.5100696391568826,-0.3834255865441345,-0.9891172677709632,-0.5259696259524667,-0.7515556613877745
8bXnz62p,-0.15239377670627707,0.11786802169008626,0.07127892775121025,0.5359551023481863,0.413264646181128
8nO1O1LG,1.6541798290171519,0.25167867782046516,1.6282277079710512,1.551500457502545,-0.9856233702823172
8xE1p8g8,-0.5477002795341273,-0.0884134862413215,-0.49411148228683843,-0.6453044460280744,-0.2857045470843129
8yMDVMRM,-0.4793441750773022,-0.38029515767190913,-1.2076852970191239,-0.6147708859042886,-0.46892319891644796
98R5VaPi,0.7327069625915206,0.08065207328589041,1.764589960252623,-0.7499198838323586,1.0374597457633943
9DcTz2Ua,2.663790815862341,-0.08877175195605913,2.084391639669592,0.6766459199607944,-0.9027808230372241
9G7nfUrK,-0.41232289492973084,-0.14592281927251305,0.01707707133219727,-0.4211621893657984,0.7164924003199733
9O6GZ1HT,-0.11836170696102588,0.14636516970291824,1.162552790182234,-0.8425067396805552,-0.04554101355966189
9S7fCoAM,-0.6614913665999902,-0.24418284254299705,-0.1735230750598602,-0.4469281051272951,0.8287533611068714
9iQwmFJR,-0.3736569093798616,-0.10776904148461552,-0.27270121287479143,-0.6096000908970431,0.49338425331598934
A3Mt6SAQ,1.1591794050498825,0.22123767707036324,2.0773852179164454,-1.046839779200564,0.20561742274606765
AJIsQIcV,-0.47349924289386625,-0.12676653375960667,-0.6269620205230366,-0.3064497874007479,0.5500411838800208
AMHKXMh8,1.6801813022200909,0.351910997472729,2.199396805945968,-0.37243072846863967,-0.9224790790880686
ASwA2J4E,-0.20424403112122125,-0.06803339741098524,0.1201040573058536,-0.42021385181292814,0.6246142160143879
AaFvEoHq,-0.3865466756381588,-0.1486087979359776,0.06664939275502646,-1.0447173818379092,0.9241825085401363
AiIPD6hX,-0.2089388779611463,-0.1566032392292267,-0.38256584637657753,0.5731274560972857,-0.5667830451071634
AsIURvJS,-0.5525471062399001,-0.20762593685132869,-0.44942728611841987,1.141335666407162,-0.8838598319869018
AsvgbJ0C,-0.1758243651589746,-0.00628338470845291,-0.8896536591936537,0.7011696657147759,-0.06709693798682359
AxEhbkCM,-0.4382844554208427,-0.3889600304142813,-0.5252374690602564,-0.7133825087330301,-0.5707511786692319
B7VPkIpx,-0.41712165409723045,0.05315905758983819,0.4297877162527344,-0.7607692756802003,0.6479541060510972
BBwHqHiH,-0.1778808566081702,-0.4171666580173645,0.08110307450611898,-0.033936477022262324,-0.9393591000542099
BMyps8hr,-0.15245181559709042,-0.3479908526227713,-0.5125415341845623,-0.10194068536382517,-0.9015158824658922
BUHS4dQw,0.2090189949188348,0.14676111418556603,0.12114077828720027,2.568712073167564,-0.8313706301506638
BZB3EYWQ,-0.273697151186469,-0.09797384501500472,0.04973550295720641,-0.4008904751570235,0.7848537168844221
C5UPCZcL,2.952116072722503,-0.18062977275643233,2.269452800233852,0.9163220051298886,-0.8265534467014302
C5gIfQbJ,-0.5094072922663608,-0.3621185392528754,-1.3554890675643618,1.1615269069444203,-1.2805657389067076
CDRuu4Pn,-0.41204479791929405,-0.23770429091540235,-0.1734420895047164,-0.6628949650658846,0.9997870041137649
CQhTYkqE,0.5069387676306283,0.0426482953267997,0.8725648477783225,0.2544796004534824,-1.6640750472470156
CSEobMXv,-0.43628341602317366,-0.2902187406274801,-0.9817318027734372,0.32953817918788175,-1.0250486211987688
CYMQE4x0,0.21050978893828098,0.13368512600966698,1.3629912874475723,-0.05830114146446519,0.5083098531261587
ChQdtl4J,-0.6000284910386435,-0.3895818557112274,-0.1970715994344927,-0.6024998537657034,0.552076006086887
ChnD1nrN,-0.380910185058668,-0.520725130708271,-1.034583687787075,-0.7563390736933506,-0.11904377430442104
CvtbbIcq,1.0890211749122036,-0.051744918044320354,1.2511238282874488,-0.2217714109985245,-0.15538416410395506
Cxk06b77,-0.1164858468625889,0.028764442082959807,0.41433032044027285,-0.04648535705846868,0.23433862863260835
D3QD3ZEJ,-0.12605140625515876,-0.09671486546510222,-0.07092784586019563,0.3511077551335866,-0.22988257304569082
D8J5C6lA,0.665394659946684,0.13421313132660417,1.3458858758317989,0.31260344161849574,-0.7849470778425509
DCeQwYfT,-0.19343746005432738,-0.09492462732735829,-0.11549082156683554,0.1583279628613532,-0.8395816658380024
DDEftkx3,-0.576608451455912,-0.1849553600320486,-0.8981691170970534,-0.7869227509298007,1.185689789760497
DEwCfeDW,-0.42775899008353324,-0.00094071381253924,-0.2715264073651851,0.20782296365679898,0.4766842506183
DMkIV4oL,-0.4037769887187901,-0.2359358559696001,-0.7364275408615539,-0.6921283929678843,0.48079684768681297
DnzGfbxS,-0.08336303467683681,-0.30299772153556104,-0.20364196901091547,0.11990152855812042,-0.8670840574520096
DoZxo6f6,-0.3866408032152444,-0.33942078948005827,-0.2289213746479517,-0.7836317226167289,0.6710548397737828
DvhBPGIk,-0.4118085295203864,-0.32046614427552766,-0.6811957717157056,-0.3897705920365233,-0.3428501173910288
Dx7GoUcT,-0.6569936467383863,-0.35630097445827813,-0.31265878252726353,-0.6179731653760818,1.1764358770440229
E5hIjohO,0.36738067900574745,-0.22944881152936558,0.16238980946398995,1.021412148205247,-1.4433002148402263
E6x4XGHt,-0.4982991890448156,-0.027472405062709537,-0.3452943524723209,-0.44086875916216783,0.9723660988645495
EDEpAzh1,-0.571692697837137,-0.2074752356561329,-0.4860034335419654,-0.7061013996107981,-0.8805438758059179
ETGudkQt,-0.3934194581215147,-0.19518764387673526,0.13758264889519167,-0.63016028191036,0.5131186490827506
EUleKrLJ,1.882206239773665,0.1142765347865553,1.897473690590674,0.5979320214321611,-0.6719597705865024
Ehw2Jz6s,-0.30626718602064873,-0.3708131913549404,-0.6621900860827294,-0.6031656431631909,-0.3748493330389149
EjqzC4zH,-0.4595259495277455,-0.04237809052862884,0.0535847152958,-0.8963067136011027,0.6423224417020581
EkMZO3Qj,-0.4653121104021247,-0.2146603689798634,-0.08209068368627315,-0.6472602233400657,0.7164608116790507
EnoNXWvU,-0.2821476120171278,0.10189406717059102,1.1982870983821827,-1.0009326500806246,0.36171079572398845
Epv8ANwr,-0.24992452521803532,-0.13815840770904186,-0.42808927458419377,0.47834811130146093,-0.32684622512004147
Etro9j0B,-0.09508716024549901,0.16546335425211156,0.3811355934346794,0.2896338344459828,-0.04367015286844911
F3MIZj76,-0.31100650714898936,-0.32512965060566,-0.6425116210337605,-0.14058336996104615,-0.9789738903502236
FB8tU00K,-0.36675090269744803,-0.10357786944335556,-1.0989917001605376,0.5170218250169292,-0.5301120729304696
FLhxBGMK,0.06565606418081327,-0.1304448961633251,0.8138456237608567,-0.05149263716576158,-1.09414080871621
FRreR8ka,-0.4852741592278571,-0.26370774587921586,-0.42631676879638136,-0.34857490637720545,0.2831211649897316
FXne4oAV,0.2845420882686076,0.029047743828030992,1.1044056242324574,-0.4628237102363464,-0.7510717565107168
FaW764jk,-0.2465593861844022,0.09425316239340065,0.48014659979399865,-0.20758394114259815,0.20055195996304498
FeAbMXly,-0.5464658129325253,-0.2509951180993961,-1.3526620236161888,-0.7127394895841626,0.7006239937893017
FeudaFXn,1.778856577884027,0.23512155198416496,2.761258567341871,-0.8596811091698378,-1.1171823375172973
FldUmFeM,1.4502215941707268,-0.048679750321567905,1.8477697466737923,-0.9467795038275817,0.2604966210558448
Fnv5tfAm,-0.4249182317954032,-0.08502983309737955,-0.4061602639410593,-0.08347323821810093,-0.8295183314736416
FvrAd3Or,-0.4240160003850528,-0.16977585273103513,0.8283537659154818,-0.8956705756655587,0.6659355838889471
G48zHffi,0.08914553648997892,0.10547387219982385,1.6488180780436197,-0.761483087234847,0.601796879658318
G76zCv5N,-0.4097833432937259,-0.33671979787327144,-0.21218613914324025,-0.4404947791430054,0.14939302209439553
G7JGUdNf,0.03537733492890904,-0.34027042282916353,0.46464937990281086,-0.04500684533722321,-0.7830548381480096
GCo6MONx,0.9932662111430082,0.16116180218098508,1.4717593199352323,0.6722826047970507,-0.8547636507013774
GE0vbpVQ,-0.16761669970026194,-0.02006585314676057,0.29913397109713613,-0.4665384931338785,0.5927508830933537
GN0DfOqt,-0.43202772940742395,-0.16563846836707752,0.06584436620032519,-0.4174751138614674,0.5065984866532833
GNsTAb1v,-0.6249667171278483,-0.45321250516597855,-0.526939046047245,-0.36752493584780765,-1.3807477415246492
GPwmO21z,-0.3646768140075105,-0.26802481875044704,-0.6880612008931861,0.02909794853515635,-0.539148560087872
GQYpfLoh,0.47405347046679847,0.0764460369031359,0.28615371085077057,0.3400740291140387,-0.8928962978410961
GR9knT8n,-0.3560217935153682,-0.11905402405339727,-1.6806319884818335,1.0698736413988463,-0.410987567091345
GXtFFbZy,-0.11207753141405963,-0.09134478119123868,0.15348094418458103,-0.1154481297222496,0.05516680748127989
GYvzvvFD,-0.6646607417048367,-0.12199597741970036,-1.391870057015366,-0.5638828450036435,0.48383843521288306
GemPjTJ9,-0.6130660734276043,-0.17719408687149452,-1.4763507481088836,-0.09944907251688662,-0.6288368356953722
GkLYRm1K,1.9174921562300247,0.1893478805312303,2.399937068836083,-0.6414959264766189,-1.3389017418573896
GmlqP8eI,-0.32030606498943914,-0.3221728746554926,-0.6273409022794694,-0.8478487626326618,-0.3540484640483239
GqkIrOvf,-0.5454272656759835,-0.10564408037980355,-1.031791583421706,0.40516597303760093,-0.8518922229451302
H0fsegPi,-0.5465703808712314,-0.1892115785484374,-0.2088768088385804,-0.48475706919672845,0.6147261349522157
H4dHpJjU,2.0507058471551423,0.05532037060608319,1.7579040673941664,0.726896516156291,-0.8264833609991822
H5QwJCuU,1.9985135850541829,0.5908350897266961,2.050872021148665,0.3069804335397244,-0.5975004477963264
H5uwmSZ0,-0.455879121019394,-0.2651379843837698,-0.3716577902603275,-0.8212248791454435,0.6727998896688039
H8MtbVoL,-0.24306796449275314,-0.2580590560082068,0.14505509224982105,-0.40010145042615974,-0.2305914571061205
H9JrUYnp,-0.43784228621643795,-0.15635448685996733,-0.2869454078008984,-0.1405070925202203,0.292098446453517
HHYmmHVk,-0.5344625941667696,-0.2949570566857882,-0.5025324381104623,-0.7944951076259308,1.3971956281779203
HJ5U4uqL,-0.5203401731382096,-0.3634234843049593,-1.4335019953124528,-0.45658266869007136,-0.30611453405599853
HNQxYc4w,-0.21768895743821393,-0.3477277767333784,-0.4834148877651627,-0.5807446337488891,-0.2664354071495634
HQYhKHZ8,-0.45310575054406943,-0.147919272949522,-0.5387317487005261,-0.5416281688133999,-0.06573516602934681
HSCMx0MC,-0.364701833962898,-0.20777647395537668,-0.021521907786860917,-0.7466073075785111,1.0696922124395574
HXYuE0fx,2.2813244937362915,-0.1068553944282793,1.9277766246812449,0.30992355041685826,-0.9340278861211484
HdKcxEWr,0.14885789078016298,0.19279391746893326,0.6209363197005346,0.40826395259405857,0.11689648978677702
HecW1iCC,-0.662395357598542,-0.34627362097238246,-0.6885618638631412,-0.8580877568393639,-0.9897644152138039
HpbKB8rv,-0.47587689920459386,-0.3494819848250894,-1.295014399386231,1.2777985330426027,-0.8273641294549545
HrkoYjCg,-0.0663594469444897,0.06345679067722232,0.12555165818086933,1.0364524964765742,-1.1570938929898968
I5P2uquT,-0.22334366452014454,-0.12176255212760578,0.035679241359888314,-0.37231658905993115,0.38396834952158976
I94qkDM7,-0.6646231748169962,-0.13173884309888662,-1.7210487306411564,-0.6161108371050936,0.598854723620045
I9sQbtt8,-0.3241063800393258,-0.14092608995501577,-1.10959547535016,1.7458905991914726,-0.7967836823119026
IFxgw6ZX,-0.44683265704321773,-0.2970939800260761,-0.41794639315038595,-0.48824119346810946,-0.19415316593488363
IPPPSyoU,-0.4283387004002188,-0.2673615556036988,-1.0657916033007508,-0.13354291341691393,-0.651210285359971
IQOYQubU,1.560805165794192,0.07800920649266674,1.537950132164086,0.22781175993755554,-0.7338179898003343
IYNE2SxU,-0.5811404445553316,-0.20222183628099755,-0.7569395765206208,-0.22604120548031048,-0.7746265203885425
IZRFk9kN,-0.2152105865649796,-0.12157009057692347,0.20569400530006177,-0.26326030161764535,-0.08275330775943779
Iaq3v0t3,1.1958394071911576,0.25113082354631944,1.9879377789712736,-0.8818842373206444,0.0474306878964601
IbVwu1t6,-0.3892717977197444,-0.3326061794843862,-1.5150427683656302,-0.04072801237110113,-0.47063246657312696
IcHKTLyo,-0.02831399837441584,-0.15176814578374787,0.19884252354613507,0.14363709792793955,-1.0104450196314954
IpW80wVB,-0.13571245400299947,-0.25676996361276805,-0.7826842498305508,-0.07790666938744195,-0.48468174541902975
Itb0PYUV,1.6237635702980802,0.1327991749117392,1.816046759602601,1.2167071003053316,-1.0491660397157059
J8fpSwS0,-0.4174000710908681,-0.09692096093679892,0.46699828424850565,-1.0302837412292938,1.2369065030930617
JE1SlbD0,0.5163694701969908,0.09842290450588154,0.7677174852446897,1.8103598991169925,-1.21659493209693
JEB4McNb,1.1280487006192166,-0.22109733919221197,1.3525580699347175,-0.11999781850293445,-1.1481706717494173
JEE4QVeQ,-0.2125191859270794,-0.348977461269143,-0.08827470560033945,-0.4814925212017265,-0.8015778864770393
JJSEU2VQ,-0.5568055612509406,-0.1276611675912558,-0.5059721994042674,-0.5914191116850525,1.0325319134814581
JSsVriP2,-0.2169611421240356,-0.23808018908941575,1.14998771090511,-0.8713782889462145,0.08745201386478563
JUvQNiOK,0.08557141403446078,-0.04184018009577484,0.24426084314556973,-0.16320927964964582,0.1011352684370852
JZbrRtm2,-0.023874360526463967,0.06613679103612968,1.4150498013357138,-0.9087802173092818,0.09164769179347765
JcE9G92B,-0.08626575737139408,0.04158779423399084,-0.07418863995492431,0.6798549201100919,-0.17073554472402996
JnNYpXHr,0.09627845973790183,0.30539629320965433,0.4198080223222165,1.5098708952233615,-0.834223973488113
JzpbnOtz,-0.5015997611080829,-0.038953472034833236,-0.3007443511517762,-0.7600644420439657,0.9641924801266644
JzzUhPQp,1.9154533281953823,0.23209702223495343,2.344526416666371,-0.4214163630098646,-1.3617281146039115
K05R8dQK,-0.142571834731144,-0.1799899574333348,-0.4659029242706778,0.5210254439494584,-0.9844383861719646
K17pG2mG,-0.2227908295979555,-0.1901472396968269,0.5962116077534334,-0.7425002745282363,0.5075326861862184
K8BellUe,-0.012320977008699607,-0.49955357660739663,0.10800016567422843,-0.42392012887033204,-1.4673994920712428
KJ2eH6rr,-0.08586304462937822,-0.431314229657104,0.28821238791521053,-0.2706117262919001,-1.211184620589668
KJEJ6Glk,0.5156879504662575,-0.04120913922569924,0.7296068330133936,1.4082856958383054,-1.3428391171972205
KSbO0oXS,0.2838191702153372,0.2604844946294098,0.43900612839444064,2.283773701686716,-1.5193782701581906
KXtvmd01,-0.3778698967772707,-0.30469394144067463,-0.032088792202229266,-0.43484446480855965,0.4065074208115309
KYiJqBuJ,0.022978640224379454,-0.30193333817560086,0.9012317844896971,-0.653623750387947,-0.5781201549027539
KmbAyTcE,-0.2614587989617698,-0.12697927401130427,0.27380813343147437,-0.3324882431942733,-0.05696543427807477
KnNyl3rV,0.04756819472345253,-0.056431934877010814,0.7645954463118743,-0.460915679119676,0.6639422041685723
Kp2DG8TZ,-0.43594713833749754,-0.1327932041108819,0.3065472177543016,-0.6152716311469639,0.6913974298794958
KqQtKWs5,-0.4887258337939224,-0.5024476502760389,-1.169604765713656,-0.5220022855510642,0.3940768295958126
Ku27g63R,2.8680274062003823,0.2505862882740222,2.0361714548044905,-0.4013177690469938,-0.5592597617043022
L2aTVqDq,-0.4191645072446031,-0.2693158897702541,-1.4485510768451617,0.90644010268473,-0.960826112237319
L5jvq6G4,-0.41066073272691117,-0.392211731870574,-0.8123513220164809,-0.6516016082735909,0.7078831871151952
L91hYVQl,-0.30474979499388244,-0.4988209803953363,-0.8824841431246695,-0.854682433177441,0.07163854597113506
LINAMlbA,-0.5876373727300015,0.06032850899784181,-1.2586858185470204,0.00201495223457826,0.6664060416368986
LJoUNXSx,-0.4116185545428275,-0.38126361681382503,-1.862134504952236,0.2079125533527595,-0.5933467642223516
LLtSiyWD,-0.4504632314433943,-0.38157933252556075,-0.4879806333374985,-0.5354087960235852,-0.09116897319107942
LQJtV8kn,-0.05742943652615029,-0.11704063436160039,0.899192779200108,-0.1608851096429298,-1.0004681842985885
LW9uddw7,-0.39902732583272016,-0.3063610296365904,-0.8429171858856093,0.9260226593491048,-1.1717932506303352
LZ6sdBTR,0.6195124121914537,0.41580084559775843,1.4448032523979906,0.09048786862907221,-0.5791121239187671
La2Vhnne,0.10175620358796689,0.07821580130605854,0.058361657849433035,1.3245981003882612,-0.6064618212212647
LaUWSq9B,-0.02912736105145175,-0.36326459872257955,0.21323259629018465,-0.0023193101408587324,-1.0670272151490874
Lk4SfkPQ,-0.720514090124369,-0.2623886806835425,-0.7227819637568145,-0.2856686999540834,-0.779553840294616
LllC836d,-0.19355254447833747,-0.015282595482787098,-0.5784153237175487,0.511325489362509,-0.15627413463078277
LuGiGeWN,-0.5958345562469853,-0.03548258795801429,-1.2218459438145273,-0.4711764749816716,0.8654286229693842
LzcyHcWa,-0.45790935979459935,-0.11307324065425872,-0.7668649422881926,-0.6180550513435996,0.8957295146822535
M7veP0H4,-0.5648180399501266,-0.24801180587114358,-0.7965516652987061,-0.38390508580844696,0.73143583341969
MB8aaJUc,-0.4170008321155487,-0.08792481924693574,-1.7604219484206978,0.5796012174436846,0.05986638364266561
MDpe2zuy,-0.5334767706536931,-0.2466623909062231,-0.34132910190505883,-0.5162966307104675,-0.3835831992394301
MEzdmEIU,-0.2622288474267984,-0.19236244307005235,-0.12075291622796969,-0.4421484262777362,0.02508055489801997
MVnhtivm,-0.3328940958993494,-0.3057905664661429,-0.682670343107999,-0.20335670856080057,-0.38882561630440726
MYU7WDis,-0.25582723509245486,0.08367162490886004,0.48317741115356383,-0.7359378942851258,0.644872127736571
MZFqh6yw,1.7886293339233807,0.10729162251892932,2.186317597708113,-0.23310625661995843,0.32436536728915577
Mdgy4SsO,0.43813791840648175,0.1829514023389298,0.10374899367757151,1.5586802271572147,-0.6524336168863467
Mj8awnzy,-0.3698088593594102,-0.18360821799676286,0.1958418252538523,-0.6657602561869389,1.1778827717010447
MpFPbUJy,1.8886968079533508,-0.018040757534989904,2.117641249992845,0.9016705463451054,-1.4896972253875358
Mqk7MFBM,-0.40479246064916286,-0.19556142740923077,0.5331889761383068,-0.6582811102871737,0.7907367143180952
Mqs2t1Eo,-0.543422926745337,-0.1516896670115524,-0.5488119128356301,-0.16945090449699407,-0.8792473340971494
Mv3jFVxp,-0.17246332488423466,-0.1574491230522166,-0.10300055727118562,-0.05626572748318992,0.015249596588725822
MxODTXvA,0.07160222195187682,-0.035597426371893004,0.7129836269505618,0.1583573277071828,-1.1354976604083813
N46PbpPM,-0.3720842448336734,-0.15382767932753394,0.4318407700200042,-0.6983246640249199,1.5337291451629458
N5S5F9Gk,-0.7170940496480975,-0.04894180789555902,-1.9101081711024348,-0.5272629518034186,1.0566587593956545
NLDg5fqw,0.45227326599933715,-0.17138539766430894,0.7811865922857792,-0.220615817693254,-0.13057441142165338
NOho2ZiM,2.1264177320342688,-0.09322855700280241,1.6939654218945621,0.4682249277301658,-0.9015313941370007
NUuY7PFU,1.7815434171599227,0.0873317233445765,1.685015976991268,1.1236281496072316,-1.2839143341938577
NV1e8AEO,-0.38710368721302846,-0.12102925322527325,0.0105542684066664,-0.5323850626467497,1.0482891469269848
NZLXROKC,-0.09347376821602982,0.07486784294202709,0.11369027588288971,0.573789624690523,-0.9433231314392199
NaJo7C6o,0.4320838161843872,0.044282795402651676,0.9896399525652428,0.07521066187924319,0.005723949165494346
NgsyGkrO,0.11083721836052884,-0.14572690092835172,0.7122561430673942,0.5632075589124561,-1.3176154451593813
NjOx4Zpo,-0.32849341016231026,-0.3297696211701999,-0.9871832503912528,1.0415859839746595,-1.227551717858253
NmQoI7x0,2.403369844495784,-0.07063254652119566,1.5905898668582823,-0.4674873030725557,-0.2952462514780816
No4wkdLS,-0.4515164674112393,-0.5303722800530717,-1.328480717022343,-0.5620015490173209,-0.17838427374902288
NouMwhOf,-0.25574030730172215,-0.24979616905567026,0.34235578969934166,-0.3148391089693341,-0.5361101958933343
O6YAWd8C,-0.14312757618336125,-0.4380351481012634,0.04570750209244223,-0.18364465534595453,-1.027652878926565
OAXVphSh,2.236627635885724,0.0716637543135481,1.4908751745364712,-0.4129805856667126,0.2830178136586685
OJBBhb6Q,-0.5941529575692366,-0.5114698636682955,-0.7658752743378285,-0.7773761895696047,1.287488385698575
OSIQXImL,0.5088687633642044,-0.3717707323449271,0.4656571370767766,0.33871302166837225,-1.5608390577174784
OUUFc5Zz,-0.41929000058053223,-0.2545916994875337,-0.06864079337539253,-0.7973097999161318,1.030198333465714
OVk1lquT,0.08388628706722923,0.2084822545788403,0.3091124764959987,1.4876479926381485,0.21936899244242092
OXdRxjzz,-0.24195791128994504,-0.2775319395607734,-1.117680237669289,0.262417635792378,-0.655532732107238
OXxW2ekf,-0.46811995701125486,-0.4846899359318253,-0.5898686531045441,-0.649890967814752,-0.33543319564608076
OXz5OpqR,-0.05451581102841008,0.04711402442178825,0.8058387009162276,-0.4136601223855614,0.20207258693188557
OcBFW1AX,-0.709129002480382,0.06620129961596932,-1.6986583920181728,-0.014285764289848402,0.8882564561100228
Of9V2rpt,-0.18627072101622932,-0.1067856344654241,0.27954419492771065,-0.05577438896061082,-0.47070073164001336
OfLxPhbG,-0.1590210256781015,0.0017515923083952778,0.22222881302796949,-0.005941693443428875,0.4478379464499742
Ojx2vi48,-0.4387857169764411,-0.3802828593388621,-0.9762711951226619,-0.5725998662293641,0.34333067431414044
P3M32iuT,-0.3418312117187279,-0.5350867515209496,-0.9335128660235468,-0.7257602880717222,0.1662397186432063
P7olVzrO,-0.3990873069588483,-0.2089519627889298,-0.34755333321568416,-0.40406915791559683,0.4055861963943901
PAPHErnv,-0.46148216747718696,-0.2862084124650859,-1.1972418152332251,-0.13302097966196058,-0.4713788186980903
PBjEtfXb,-0.3131882174872098,-0.1021245870626184,-0.1939597939487625,-0.49052358333856816,0.6286366161902013
PZGpoBBj,1.6184081300991116,0.15089017272448801,2.2668528508617545,-0.5905352121215337,-1.0655839538919079
Pc2RrxXS,-0.5222440482309034,-0.39881422893971274,-0.26740206614887385,-0.7033667252608602,-0.42036931142887646
PcHQ4FOu,-0.5660379062903198,-0.15978560301401457,-0.7209059965558267,-0.2655643462180528,-0.000646529898139292
PeNyTOVN,-0.27847303969622406,-0.012154304301972285,-0.006376799836983915,-0.10851159932546395,0.31422886230644487
PhUPSU53,-0.5513826294098303,-0.1952304943144294,-0.5120579580306084,-0.4316179630374499,-0.46380844975009516
PmUNeV2O,-0.5000994753887094,-0.6264774335333381,-1.486870015946819,-0.43382462563264923,-0.08758219651075727
PoDJ0uvK,1.7291758420589067,0.4017679418073645,1.7630316732596485,-0.4977920460670866,-0.0758703371177969
PsUJdJdg,-0.16704362604747391,-0.021012867171961158,-0.13028011451423382,0.6733032858634438,-0.3134331350835762
Q3xLFx1f,-0.42986127103159877,-0.3908501384099021,-0.884973618835444,-0.37854613309808016,-0.8339507979009593
QBGxCvdM,-0.1731624199025541,-0.24332585200401935,0.2151538008978251,-0.21307240546392947,-0.7303172570941481
QCEPyu6L,-0.404382704169735,-0.2512586283541931,-1.135434883410211,0.33005642445887773,-0.8577254901958238
QEfwec4s,3.1894551915363527,0.10089342372539578,2.151049076300909,1.7784966302038647,-0.7177681557870894
QZ87Nnr3,-0.6582459956518969,-0.4104005016544501,-0.9083132073263995,-0.6136911676719414,0.9071808941310255
QlyGN9jv,-0.33517228682109224,-0.1760255829544657,-0.4119698951360091,-0.45099215763438494,0.15738009731593117
QqgWE1ny,-0.4809063067648376,-0.12232496647872848,-0.26684764003364436,0.13127787099377386,-0.7786894543653116
QrjjBpZd,-0.41885014922860453,-0.2732652709544108,-1.100593313735841,0.8210044907820766,-1.0055332042251646
QsaBiX7V,-0.4865221245569282,-0.09310167281851944,-0.12478355255286844,-0.017579407042870088,-0.41688818138407235
QtBKJuZk,-0.3402279296867059,-0.12683279528037827,-0.19481446202048702,-0.3426284825562611,0.6504170481824847
QtPRO8OJ,-0.572703040451132,-0.22671629948278804,-1.0980050075070393,-0.6538153141467369,0.5524151818502308
R8XcsFnp,-0.5275991678051364,-0.06443890288595311,-0.15449288632465952,-0.5582195654746265,1.679915412910427
RROfRt9z,-0.1976216358295355,-0.23841432347892022,0.3007049451399426,0.28207384637825683,-0.8803106238079206
RTcbiDGq,-0.5085233215535263,-0.40109234603606536,-0.49991195134027877,-0.4139370553859685,-0.08756233743655706
RVidM9g0,-0.0884695115223062,-0.02580554876429586,1.5075567473683564,-0.9026882645041887,0.8068906420396704
RZnQSH19,-0.5197248698574422,-0.23387945054086812,-0.25547543026540454,-0.5992323197203682,0.9392193432461031
Rc4UK7fT,-0.6916067715386598,-0.020809704552490427,-1.2465853197921446,-0.40650857919176175,0.6430107802660334
RcKBKh6B,-0.3461450479002801,-0.06909203373980644,-0.21482113451192064,-0.3817402125388121,0.6041741638651477
ReM5kDa5,-0.1472973968276401,-0.14121919268204364,0.2658713528476697,0.07634196910000313,-0.7745845072135662
RfntsotG,-0.4658160848522366,-0.26316443082735885,-0.13098428258156347,-0.6802771692361311,0.5538918823463721
RiXMlzXD,-0.37697863771836726,-0.37128104600627365,-0.18734872824144433,-0.5151457183926418,-0.44984615854303023
Rik83O3m,-0.4949775652150956,-0.2305188010314363,-0.5250435490863323,-0.32529876235029676,-0.470024394651821
S3PCzDzO,-0.2467313162688365,-0.03815498720170707,0.5779899952425909,-0.7014504226900549,0.2022466006661805
S77BviOJ,-0.5547637372565655,-0.1458844843183864,-0.6403389837968361,-0.2976173375240414,0.05769849415646355
SDdvtktF,-0.4405962676243016,-0.3967279371633903,-0.9245229934147245,-0.30864589291557465,-0.8372412832542775
SHs1AyfM,-0.26948905639056964,0.033730597073443835,-0.04614166956186083,-0.19857351486431796,0.7114704225190938
SO4zQy9k,-0.3667994237764569,-0.12342826202681989,-0.3112110864007731,-0.5842941660765568,0.4995324047163283
SOOBCoiG,-0.4247917665910004,-0.06834190281016062,0.22665108010100865,-0.4118716952012669,1.0843093830088524
SXkkPB7A,-0.3667025454385575,0.1520759814388417,0.5785082811276412,-0.4849079480413643,1.3712425140730122
Sa93dGqq,-0.5963077316831695,0.23055309390714784,-1.3157297150953708,0.46309049425913784,0.9160184720574396
SonIG72a,-0.3525556056834498,-0.04702853860958056,-0.48954767703726376,-0.26082538802334554,0.2616339394966847
Suf6hIBc,-0.25511769107527105,-0.06480908276454,-0.059863625367667206,-0.5091175361479081,0.7615930984062036
Sx2JeSRz,-0.03705942977842458,0.0838387096319626,0.4110335134542298,0.3469095263576669,-0.5587370497128656
T1Tlftr4,-0.20846803407874948,-0.010938447337181412,0.5551288270566361,-0.878645182952237,1.2523056251593605
T7ulR4ci,-0.38052064953370834,-0.27938501533115767,-0.026990388054640713,-0.7272955916375103,0.9515614452978216
TA1NB3Br,-0.2174130231790068,-0.04328425306753969,0.07287348842952368,-0.4784127632442896,0.5843574174180706
TFZUskaK,-0.030056837536620584,-0.3298438811595328,0.2852364413193855,-0.22745868639666966,-1.0960738147404552
TNL8HGWZ,-0.18414022313720668,-0.21089827969380748,0.07718611001688358,-0.25092496589989466,-0.8320064619087386
TZ8z1GSF,-0.4224034463271673,-0.3409891059327914,-0.8272053102201211,-0.5430870188128374,-0.01852907642341073
TqhRvkJJ,1.982044359947337,-0.25820350632197586,1.3604233221041555,-0.6989727902402869,-0.30900017260801427
TtJCUiY4,-0.430842629436996,-0.2702897457094049,0.5534461722730144,-1.0300589976326187,1.474540128583337
TwDq0lua,0.3014359427813238,-0.057978804718330945,1.0860411291752585,0.031391262132007824,-1.0400926261592556
Tzyf02sI,-0.3376142628765715,0.09964469958613664,0.7252045447719284,-0.4522653933408769,1.1141523668830562
U3yI6ZS5,2.7896217431787127,-0.011578097923958364,1.9697207139732187,1.4110862584896218,-1.0145655116434593
UBLnXZAN,-0.3592409201983182,-0.11629341819143191,-1.4547017198363632,1.7325408073725903,-0.6382799537063786
UBWDzleg,-0.3339762324542912,-0.32504040238221377,-0.8518961605581252,0.3898362848655843,-0.9837002061436149
UBqkX6SY,1.4860166057330266,0.20832498868749427,2.0857411943964497,-0.24456164103353828,-1.0608520062269147
UCIAi1Aj,-0.6239654986868013,-0.5185939329369229,-1.2653754780706221,-0.3197662088534621,-0.22106546436446273
UPbXGvCS,-0.004887259052396509,-0.30620819776053976,0.264236981024611,-0.00045736403670204595,-0.8710787604956547
UeWm1l9F,-0.23794894857627558,-0.06830239557153517,-1.224819437221653,1.2566522206099258,-0.5515038231931637
UhucscY7,-0.5569777564803653,-0.29988657271461205,-0.4745520455928285,-1.0078274208035332,-0.5508092084277703
Uri1SvHV,-0.1085498237083593,-0.26705747847834926,0.2534862172236545,-0.06555951406333449,-0.9858813779926461
UzxipGJS,-0.45032509557074807,-0.16132370544703134,-0.1779281372564141,-0.33938941517451937,0.5770873511616035
V74zfaAQ,-0.23771579341570348,-0.26807338839539296,-0.07671890935519188,0.003665996331182697,-0.8641929973369908
VBPxBLTh,1.7141150189646046,0.08158460052051497,1.676713939745399,0.7356670900806144,-0.8541778100320041
VLG7CXYS,-0.27983559008572545,-0.033631016169280326,0.07446658823902097,-0.1626355539657247,0.6399301799984389
VNk52SpF,-0.5300303376843098,-0.4798935977316172,-1.4101639162621622,1.7420931219693507,-1.1907533363560017
VOREKsok,-0.5361883161785963,-0.26626334984778977,-0.6701161109966292,-0.896598667867277,1.4343633678538854
VRhTr5pX,-0.39620579636925957,-0.42536626817245304,-0.09537120470123583,-0.6409317356408728,0.19941655571285288
VTcG4Kcw,-0.24019709095887354,0.09861190573009582,0.5794223246584111,-0.5253594316823573,0.8687362163370356
VeKiWSbS,-0.2498065831077847,-0.08602748437310437,0.03000516098221495,-0.39621854576516213,0.5445152918855545
VnU8nJHU,-0.4344087758331634,-0.14013333993709365,0.0241330589658888,-0.2986284150305032,0.017597329511469084
VueNCxYv,-0.5472882434378343,-0.08539134340195131,-0.707095960167136,-0.3756270602627687,0.3139516468705299
VxuQTRUl,-0.580465018824726,-0.23339297897443556,-0.1655033298275852,-0.4205829324401229,-0.34450856580735056
W5lgaocA,1.165978448548855,0.16260912936878968,2.0553929306594103,-0.6040383738468158,0.35931095279449643
W5mMq9Ef,-0.33544770229230014,-0.14308883719267795,-1.1619568766725605,0.4544988815819302,-0.15528081573898156
WDhNqFpS,-0.09899999676190507,-0.2740566994694258,-0.38553578962763724,1.041336554986021,-1.4841509983511312
WE6n1kZi,-0.44316012735220145,-0.29749559707640527,-1.9341952332608925,0.7041645391316997,-0.5308902970672786
WFk6r3vA,-0.4821627886701103,-0.033145976335489546,-0.4285032526519912,-0.28108509431755735,-0.08801426590567552
WFyIrsUR,-0.5365210375166507,-0.4322399805265458,-0.5378248353567427,0.6032765736915913,-0.9199123360373758
WG6ZAsqR,-0.6003803554741021,-0.2687270370367254,-0.8114512284244155,-0.8527271606086337,1.1894611111604068
WMq3CZQk,-0.40735799629430947,-0.4745269280179367,-1.1215758267935156,0.5613965850295308,-1.3813362780420473
WRskmGjh,-0.5756404194491447,-0.173915280697869,-0.5436953142701795,-0.5467595753056962,-0.4491138868190685
WXijSglj,-0.410938034505933,-0.3358206935046577,-0.9783102765794196,-0.44149266984372204,-0.8029733399418912
Wc0stQgu,-0.3405149637561644,-0.298969615909058,-1.233580077575324,0.3800982444505685,-0.9571591777294568
WewoSCUB,-0.4742826838221399,-0.5060891200851496,-1.4117560679527072,-0.6166931878050654,0.4457039218926955
WuHuhHWJ,-0.18622723622201054,-0.1398162932743925,0.3080019272845662,-0.5649992265638666,0.9349232926301827
Wv7EBtZb,1.3907419537724186,0.052273806529754996,1.6103686003984181,0.26397916065470284,-0.8419843606331963
WyPlxDn0,-0.4392821415438002,-0.11151238754125314,-0.4417304407201199,-0.6275021795176876,0.7751110776300809
X3WqoSNN,2.2395676167001275,-0.11044016279713231,1.9900637783263606,0.9564949569125538,-1.3884249257213153
XDhyP9KB,-0.5974492795994033,-0.2174831947926772,-0.7631532450774456,-0.16126364028546547,-0.6102674181881778
XQxhDRMG,-0.6666796961241639,0.0906872102064118,-1.5552401129615545,-0.1879556786181915,0.9156478255412228
XjLNAwxW,-0.25728261380447837,-0.4550971256625611,-0.28332071099363376,-0.002765589810035607,-1.3882742230196552
XjfVQbXd,0.6600206757763081,0.22893456752008534,1.6749924167249775,-0.4070090052068558,-0.7001950732136404
Xovczbf6,-0.5515020184888622,-0.2547277466659206,-0.7235097766783964,-0.8512422346514477,1.4047225840116742
Y8H4onBf,-0.5612165123802138,-0.5727459674853175,-0.8062647253143622,-0.6855367727015782,0.8820336909026398
Y8YgzSZ9,1.9206233600928604,0.14438360758801183,1.8791928120820545,0.49939463023351394,-0.2168664752332372
YC4PNV20,-0.6279997296446718,-0.28036460107180927,-0.37896586786628306,-0.5346602427937732,1.2624006260581755
YDHSCRdd,3.6152155932505243,-0.05660609905150649,2.093194550804684,2.2712389030650293,-0.6866340240883826
YIJ87aME,-0.4554270451264424,-0.08394555778913526,-0.20220915189254485,-0.48476490991718535,0.1766498297966539
YKvT4dFv,-0.2597053396617648,-0.21272942299871955,-0.4356026117201408,-0.06903520251738016,-0.13716644000418476
YNebALR2,-0.6419390427096241,-0.15140691665520434,-1.2714440719065705,-0.6337800963222939,0.5805262543045817
YNrnqFyb,-0.2707673678122555,-0.05875519388733563,0.0878398359650292,-0.15674230363473995,0.10975767275727755
YUZ4lR3m,-0.4332506154177631,-0.1725375414123813,-0.41422504479443334,-0.33389704888996263,0.3819724651151635
YYLvjoVC,0.07684481378714647,0.04709980236897637,0.5980212392213831,-0.12942316834248047,-0.0326397295058225
Yb8OtMb2,0.13169395221734614,-0.23936303784596147,0.637148929207102,0.07145330748979362,-0.9533684648741794
Ycg4lTYw,-0.4838329625034712,-0.41216084163026734,-1.1181309286174737,0.5251100858536866,-1.5382189228238214
Yfk6tekH,0.037357258242365354,0.030004595676317525,1.2782008205241924,-0.4375602761576083,-0.4901979499941742
YoSfgmR6,-0.5539587737031875,-0.14809576224892806,-0.6706545010699314,-0.3825817508433538,-0.15047442257678334
YpzFvexy,-0.2925937940832464,-0.2568481473514761,-1.0309111536085551,0.08732711184440589,-0.39697603641768886
Yxqppfa3,-0.23018141186639784,-0.2744686904817253,0.08080374126972045,0.1365669468602455,-0.6920418417648104
Z16jTUvP,-0.3983936172210756,-0.23636564952384687,-0.6500305867097735,0.13344191595531996,-0.467957909297402
Z2BdCCbJ,-0.298238399875971,-0.06354684502831232,0.036770712637563596,-0.4964214842898791,1.0277880625320197
Z2JJMM6V,-0.36282959165208784,-0.16277892742054645,-0.2049965618785008,-0.14975135820928287,0.37097493959630334
Z5jE1OB5,-0.268172232951259,-0.052932959504161214,0.2703799612996691,-0.05181354291441309,0.19413945892592643
ZFsIqYxA,-0.40449284212479686,-0.12516147207013217,-0.35359252342170877,-0.11102185100979156,-0.025972517043603816
ZHDVsoRh,-0.41191962511578684,-0.3910609202755917,-0.799419820850302,-0.23026266902727954,-0.49543312949923823
ZSmfu2Fc,-0.29122771247830403,-0.21857896535156796,-0.417538571191882,-0.1688353958107136,-0.288212346416449
ZU8YXF3H,-0.5677462276882475,-0.24122707720265124,-0.708207844728703,-0.9285180744117092,1.3402492332090592
ZXKaNy6Z,-0.5034270524742519,-0.16823021780793068,-1.0256007666288396,-0.45732326551499725,0.6660786816330617
ZbYLo0zK,-0.2105081243038862,-0.14159384788119622,-0.059707803700020046,-0.541200866402658,0.3366370577420046
ZedN8Gcn,-0.5743457263461105,-0.3541999808349341,-0.3677581304859372,-0.6495761425875735,-0.22101222377448515
ZgD4Dau6,-0.13784663383467066,-0.24505292865801165,0.2025704124662171,-0.5471275271497511,-0.6977499756555883
Zgzf79LA,-0.5475705202383105,-0.5797783584616094,-1.3399607804976326,-0.4739122210942064,0.27091669366024895
ZjqzxDOF,0.2864624172205472,0.16988857792229384,1.3626313185171044,-0.6922266470316849,0.17617107351095207
ZsZ5aDpq,0.09235638608839647,-0.11904769743357191,0.4296354238319837,1.0382971814681419,-1.066836123456417
ZtyqE7If,-0.3045756970352054,-0.3200926623874092,0.04410287794256518,-0.07912245433599807,-1.108768135973028
ZvUgz01f,-0.29555509214759557,-0.15824789854052268,0.4749023424896437,-1.053416486050235,0.9338686382826129
ZwrhgdQV,0.5660606146863065,0.05816295538484484,1.2042329518557027,0.8305055748126797,-0.6453304702752032
a7bhJGBU,1.89149948473539,0.04523945602154855,1.7215433366605326,0.6394930410355819,-0.8185224315280291
aHpv6KzP,2.811091537125548,-0.06998037246880484,2.204696777710284,1.0235179816863997,-0.9142722862215376
aINzEBVN,-0.38632547494893377,-0.6286482935891367,-1.1050162803317802,-0.2955757055810686,-1.117945663156652
aP9EtTGF,2.281839626001328,0.08723649595346261,2.479239462432462,-0.699323576930265,-0.9812275188610808
aV6EhtSL,-0.5081909683480044,-0.25162143838279816,-0.3469776314875743,-0.5890073909256266,-0.08251487935637236
aVZsXKoH,1.6754788003104286,0.17791082604857467,2.239512942195903,-0.6023537716421679,-1.0002966947785605
aYVnVJvc,-0.07705489764305273,-0.025029548904782484,0.45436380650015606,0.5922045308771722,-0.9843721489178758
abCzN1zx,-0.49532237067995855,-0.3506231115806453,-1.5269077349267504,0.5624929566525516,-1.0457472747709655
ae7sMiB4,-0.19616719157983287,-0.10456862302315484,-0.015115224860848153,-0.1593470414716016,-0.10938501966716352
afsVuCGV,-0.37334996334181003,-0.09289044904873789,-0.5121930983504639,0.31321489271933345,-0.30095920722884806
aiwBQETI,-0.0947711602414083,-0.2465818172646972,0.3207397753483734,-0.12537213299166794,-0.803358321078397
aiyli4EI,1.6866842097254553,0.5278518462641988,1.8210867230763925,1.0821754214602102,-0.4016450288617559
apJ7NmzD,1.9591625819898004,0.14105587386377794,2.2188563129405896,-0.3164224703356062,-0.821619033954951
atVjNMtQ,-0.3967011815681767,-0.41462930114157315,-1.1267320961435543,1.9475406857043431,-1.2766952055896947
b5GirVGV,-0.3914091442794083,-0.3814419827208293,-0.08765127981395282,-0.632448538579677,0.5692995510552326
b9SpMjNB,-0.16293163184371995,0.08366574915568536,0.17933377898917668,-0.11600069242170363,0.7712420034629393
bAFs37yy,-0.4228858885261966,-0.29708603147484736,-0.21538636651059861,-0.8133036580295929,1.0157244400954344
bDia1hHV,-0.45393916857966676,-0.3027268296801675,-0.03684927816881456,0.1466221196997317,-0.9340250900221374
bFkv5Mtr,-0.3600353441329398,-0.024002076628320435,-0.0917013699812641,0.2870704011399603,-0.23407829583498163
bHe2IXgA,-0.4649290500933043,-0.36810227458998623,-1.7032900012473091,2.1909100344502868,-1.077211566038775
bWX3vUm5,-0.14811141296422736,-0.13360616542927017,0.25745210422768294,0.11225294326745328,-0.8244968979036482
bat8tcGs,-0.21224602991861818,-0.4704947445941765,-0.24409645296101545,-0.16788686388450103,-1.4313262987696955
bfjej4wu,-0.5892548995941533,-0.19549237303577582,-1.3058209096266309,-0.16673549561839351,-1.1157445257491556
bh04YDiP,-0.27548346359265086,-0.24126196955408785,-0.4567431025319151,0.12999107288142753,-0.4963725715298235
c110Fdc8,-0.22329855797738762,-0.16620879072841843,-0.030326619933772614,-0.34699227482603234,0.11346186380547785
c32GUzMa,-0.6932023044980733,0.13148596203457474,-1.8026473585434941,-0.09572516044162782,0.8497147577716166
cT6uU0B0,-0.4721030739900707,-0.0977708389607268,-0.9384499054122115,-0.25173023656831717,0.93121066671109
cWXCiFwh,-0.6025254722378017,-0.2229317866459577,-0.8785316882584324,-0.595584273112177,-0.580181266403363
ceNvS3yd,-0.3486294290744363,-0.16918786879646985,-1.0067151074919265,0.1323478684951347,-0.055009823180673934
cmwdt4Av,1.5907595592315706,0.007514724217358992,1.7855791068596305,0.3545337241180455,-0.9072527786048479
cn4EHsup,-0.4254158280924125,-0.2864299067353353,-1.6406121763120736,-0.17522055872988673,-0.21034040707063717
crVOGGTT,-0.3964933074568089,-0.14579137352278293,0.33611247220174945,-0.4722426562579294,1.1754170334222156
csPEJ1E5,-0.5511331759063305,-0.03056019035351154,0.1284848912738299,-0.06905551705379409,-0.7610389774985347
d0UrRtMk,-0.6124029089501173,-0.2997300363861508,-0.6206852423166096,-0.762529375825789,1.4772279676083233
d6LU4G4I,-0.5384463437952158,-0.1116649739388289,-1.1428386752593964,0.3356238485259446,-0.2271472859793473
d74T1DVv,-0.44456984870765925,-0.3129328103544675,-1.0573079622298691,1.3711254776997244,-1.0445517205914054
dR6rM1tQ,-0.05976963241380506,-0.41326908098623916,0.12289106356625878,-0.055119797781156166,-1.2976425799769142
dUNxOoqg,-0.5631045948397295,-0.2751350815581044,-1.2451582842324014,-0.22022175529552257,-0.8301171856479552
dUnlyhj7,0.5852689249855407,-0.08293801167512482,0.9105523501373669,-0.6533778052983443,-0.19195877872566847
dVDlnZQ6,-0.4122095129389445,-0.2203880989298308,-1.252030250569261,0.15015555871305608,-1.3042680113978147
dVT26GDu,-0.43425134449859204,-0.10419692001083503,0.07511031381294386,-0.33894309718486326,0.7093235471696264
de43ycXY,0.028470993683582968,0.11767094792527688,1.3404152897447703,-0.8951809545863902,0.07863861673440375
dfIn7m9z,-0.4097617955891346,-0.3547762917676063,-0.8193141436160671,-0.24641660680331867,-0.49187572110354516
dhmb9ZY9,3.0780302218644797,-0.25628236934384985,2.338994116727905,1.0538601993547054,-1.387698113503566
dn8kCuyf,-0.31694839295215704,-0.08403705806436745,-0.3142205358075343,-0.39368006655807264,0.5819922467044396
dpcquvWW,-0.4978622128552965,-0.2907648966400269,-0.3082816749079156,-0.39645623826462995,0.1763673910206851
dqcbIMyr,-0.6179004396342416,-0.12552941983317067,-1.7215350831339846,-0.6144471092948542,0.13267984979865766
drWgsBf5,-0.3511939356889693,0.025349936172475385,-0.36042964620533113,0.41500405091041515,-0.5449338888122295
dytx0HSe,-0.6192119003151229,-0.22788030215092148,-1.1386647608492366,-0.8574433345312791,1.1600308022301622
e4KkkIha,1.7573221115376318,0.18630904051168828,2.26003410236625,-0.6340623329299255,-1.005341755745965
e9YorH4m,-0.2822407419579358,-0.1348936325838248,1.222201366651278,-1.1755137263679494,0.46588168163015986
eB9gVQ0R,-0.4614677612789828,-0.0028230016015835524,0.821927246736651,-0.6442844750823546,1.8380536937031113
eMhLFqU6,-0.6047029963592658,0.006517607601850717,-1.5583400040154756,-0.17635614502800578,0.4362060167901607
eMllg1qm,0.3823509361736219,0.07168194636751979,1.0830624867082734,-0.28211324663844195,-0.6977348454149617
eNPunZ9i,-0.6167755749211219,0.16330588893232845,-1.601647870748151,0.3697691365536748,0.5306736204180513
eS5BSM4J,-0.45789625650849164,-0.21791416202158542,-0.3143516164540314,-0.6899832609144987,1.2814613500930054
eVGMFoOI,-0.4164352911970477,-0.1319900103609224,0.9558470727048289,-1.053645738926246,0.6007194387834236
eaIwb3rG,-0.15365105319335814,0.283305246719991,0.8621302814252532,-0.19473624156379898,1.5340756944057805
eyzw8Vis,-0.49753287092465914,0.06422634605299082,-0.3237633831354414,-0.5590549264306723,1.3891423300527297
f04Ke2bN,-0.24175697474390834,-0.023254226723266935,-0.7984669972616543,0.177906612596491,0.10414155700068228
f4GA0te1,-0.35419010683006125,-0.3419483131652181,-0.46865823413453556,-0.6830390340952981,0.025724949046955103
f7bd91h5,-0.42996669120839304,-0.26886607670893126,0.032159199416229134,-0.6260407278794382,1.041627419987643
fB7z9ndr,-0.38308945757364743,0.1043684801675373,0.3321246650263434,-0.6303893923552373,1.490733646426131
fEe7AWFA,-0.2777360734184535,-0.3535800408966874,0.19561684923557876,-0.1590656481431374,-0.9844826608489736
fJJIbgY9,0.46824467944747905,0.32445043753524816,1.7101088667638906,-0.5671164658964294,-0.6757574486274986
fQBURMvg,-0.316380496787418,-0.12742671528466998,0.03545475944399512,-0.5168473082128848,0.9393920845062187
fS0HpOub,-0.48073575830608295,-0.233794974631095,-0.03554417563198187,-0.5180918602199931,0.6361289418386011
fTDXauuk,0.21780820906496867,-0.09022413873155655,1.4919889546572322,-0.6268295365648946,-0.7396325642833883
favPNA2N,-0.5926242322765356,0.24650297877833838,-1.0912663411487087,0.3890207057106245,1.0011179899143006
g3Fv0U4k,-0.3403570568730183,-0.20315493279387864,-1.0369997595008853,0.5232569501087205,-0.569282099650243
g5PKo2E2,0.4360644121787791,-0.10019855807927014,1.3332061441337133,-0.11015275306668215,-0.813774697549027
gbjnD5fe,-0.3404792030091821,-0.42759120879348655,-0.7172198859148138,-0.7138921250342882,0.35109539425696745
ge9zqXCv,-0.6009889387391363,-0.43274208596697816,-0.5586678801461871,0.6808472053158034,-1.0342561558094783
geeqJpSE,-0.3846604328836074,-0.22836938954507913,-0.1557582349405051,-0.7688389894840206,0.8452576149222839
gqy1J2RS,0.2732197999470136,-0.10758392308382225,0.7497895927009937,-0.07097121403652906,-1.0564781833284567
grlUtS3H,-0.17808150911827259,-0.17881126045982354,-0.33602810203258415,0.6122319581256939,-0.6899097033335604
gx965KYj,-0.14036128386493463,-0.1353059712151743,0.05968417668474202,0.20911803912084181,-0.5741934208212367
h3F08Vjm,-0.5045534400154574,-0.15192747066423307,0.01596246217154529,-0.6542852494048184,1.12250166400049
h6FQG8Iy,-0.07953656886587712,0.12105457018971366,0.8639282806373545,-0.6861671155236699,1.523927854986832
h7ftM8b3,1.6621647208577874,0.2252844332237065,2.3204480978833306,-0.45037122987734435,-1.249197158094594
hLrCHXZv,0.015849249135384547,-0.2984744639983741,0.5532502985350776,0.14156108229686382,-0.7949529847193642
hQ6VBuFx,-0.38174331766327985,0.05385239785404439,0.7724040482907968,-0.4628869436519203,1.7504791919783518
hYoR2y7w,-0.5150333466062884,-0.3678145700073254,-0.356979178876385,0.02068636334822216,-1.4083279498835761
hf65yZkM,0.26010632212506746,-0.07661327020865327,0.49830553762767393,1.2871099079618098,-0.8636077592300264
hjuwe1x4,-0.25652669001306183,-0.20886568412184614,0.22871269076795087,-0.3077643804127028,-0.02537107218488721
hyINlsFR,-0.618837530893928,0.22698969579177275,-0.21781004545165517,0.2838320796307876,1.3965218118169762
i0Qlm9Bv,-0.16937876208533087,-0.03061238820690404,0.4134160189791929,-0.4989635568295334,0.8051796454858025
i1VxfxMb,-0.24043317399974828,-0.02576756986046247,0.2176564302889561,-0.532337740625433,0.9883274331224445
i2l6jXNP,-0.40469317550247386,-0.19970735247834126,-0.8136632325442987,-0.18701588377943423,0.006069294814276205
i4FgPZv7,-0.4431438133086667,-0.23587609482568395,0.14538746518052093,-0.910821652768032,1.2453493497237762
i7XtIkSi,-0.40070119168842755,-0.2057939015849537,-0.31112845219298735,-0.18745419036325117,-0.1989389379115689
i9z346Ut,-0.15375912156650973,0.00023325371479687718,-0.7638170897477166,0.7597271110287416,0.052379296744911485
iDOat4cZ,1.893208324089982,0.30668837594113585,2.28214077087698,-0.41771355259247045,-0.9872684234644478
iNv6RoSO,-0.06179734910972545,-0.0048503266180399685,-0.16820566327778708,-0.0060507877056856785,0.044635693244581276
iSL9NYzy,3.23248492575567,-0.13989760949037544,2.036029298604875,1.8623507773869115,-0.9382446525242951
iSqVc1r8,-0.07063677334582597,0.1431783321547333,1.1046506177992101,-0.7631385003682389,0.17083461412682688
iYZMftt6,-0.6572275938767698,-0.3965019899074913,-0.18662628131938974,-0.3250045121294356,-1.0416632087366136
ieTPaa3c,-0.35634704263515093,-0.21428839404659028,-1.000247401568869,-0.1321725937323599,-0.17222595294514598
if7BmzU0,-0.3964236859064849,-0.22529160613468902,-0.30233083440295005,-0.7771263559847448,0.9200012004273592
ihNz5bmx,-0.2981768672572125,-0.19273507384467292,-0.40799896089289533,0.056365477001822484,-0.7114088558678784
ikJXKdIN,-0.39302834339344006,-0.45305640219360965,-1.2078571738062591,-0.7468711104352614,0.8165968344385224
iq2kxikN,-0.19233939654788035,-0.3136750466182856,-0.18712277665447474,-0.14931977719502854,-1.0001393543727115
iuZEDJK7,-0.42114679663666355,-0.22419278724611003,-0.33461891266718014,-0.6927857630684393,0.7552463137645393
iyF8gVT7,-0.47029919385494257,-0.07497244177066831,0.26210324242048144,-0.704116542550917,1.4333229807043697
j06qdQ0V,-0.4232652270026742,-0.24930727299486888,-0.14960566428682243,-0.13652220439835716,0.20485990682500166
j7hl8svO,-0.4568534226662573,-0.4297240759681098,-0.1077315901333249,-0.18845082423767323,-0.8846585307034527
j8hMoJUN,-0.36834509047446407,-0.4687016789045937,-1.2486768178763,-0.6230435859682579,-0.1013200742286724
jNaFasbV,-0.4861899880202154,-0.38215748350692946,-1.0848431224203081,0.3582683446728261,-0.9891059151834067
jVVHeYHT,-0.45254398989868694,0.0223580658345246,0.14456496314515888,-0.5829456742818984,0.6661911623334706
jXm4ySvK,-0.36048344445839664,-0.15219356800081085,-0.16989156666063665,-0.39288838920218083,0.6098205699164598
juO5ii5l,-0.15845351234548932,0.11134108047976143,0.5297091348063974,-0.535167798838625,0.25782283996256616
k2hdEBsU,-0.5182948192034482,-0.2579768314042066,-0.5369544234045647,-0.7622128574135836,1.265404435869991
k3ynMfhN,0.41579156651067617,0.01884391565251109,0.8891981959736073,-0.2885676447921064,0.20012545179214136
k9C9yBtr,-0.010192967745696002,-0.19521324460104905,0.4507263853749792,0.2925519544331401,-0.8532917045472939
kAKRvcRo,-0.43359833833312766,-0.3338764454985461,-0.903070938887437,0.3103587980739526,-1.2728166847755258
kBi3R2oC,-0.2199518893060608,-0.22501998351269448,0.038278975373644775,-0.3572152089463252,-0.3322497327970293
kDWmnsXe,-0.1429056449253503,-0.2640183886847889,0.3634433397617032,-0.5566669487305198,0.09378875521589158
kSGBd2Vh,-0.3409550250117954,-0.21175071768043052,-0.1849216166850296,-0.754907435314788,0.7383982164586858
kT0miHPT,-0.39391302545976803,-0.3275827776233622,-0.2234435840475284,-0.45481050178117854,0.19086567811093325
kaW0TfRn,-0.4504846655809738,-0.4679804573537889,-0.615524200866288,-0.703937759721537,-0.04778181472112486
kmg3SowO,-0.32690979286292166,-0.11267530572244722,-1.2102760440653368,0.6221625064237237,-0.3354751679535095
kpxKSlnF,2.2961355958862546,0.17460209999525533,2.0237666586474905,0.5606495773314073,-0.3355211181609459
ku2cn1MV,0.7432889445602759,0.03719189101833864,1.6343426451011156,-0.08194781752869673,0.10303122484027405
l1su5HU9,-0.4353456264225324,-0.14297598371841458,-0.1256290362341146,-0.3358609953940963,0.5039710656870486
l8Tg2RvD,-0.35359468352413703,0.16570310014653034,0.5065850400344389,-0.5023804363403137,0.690052334330753
lB6NsVOc,-0.41572023994723484,-0.20950649476837624,-0.16036366076339292,-0.4861169788957618,1.047214674862781
lEcdVyKk,-0.5212396917089572,-0.08069383325623347,-0.5801279139863154,-0.5519276955255172,0.8479519466662371
lH4TasGl,-0.02227642945700925,-0.11224749021606284,1.1174932822403194,-0.6341100232547596,-0.47899155121199577
lO9aggHW,-0.13858097000047653,0.08979534849113735,0.17473756135938046,0.48024616446788926,-0.3797317607923585
lW3m9Vzu,-0.5205131974858554,-0.16079661250806465,-0.5059385638242715,-0.25821226883372717,-0.1685495839446869
lYLseGDP,0.42943615265983137,-0.10760327826942229,0.8160663798404799,-0.43130093819506143,0.10592220128052965
lcOnCdZi,-0.19742365715870935,-0.0023512435908368268,0.8520262782124506,-0.7183706814470661,-0.25246212216358366
le9YGwON,-0.18670680971195086,-0.0582639620173917,0.47033822608362796,-0.1931980556864623,0.04728778908407527
llMvu3TX,2.0989510048429443,0.13444316773230058,2.468701651277046,-1.0511605120452536,-0.40243577723793145
lnHh2jFO,-0.10973170568996782,0.08339145262694148,1.4204195978992844,-0.9453568671830048,0.3419923764913708
m07CVXd4,-0.41876920654164085,-0.0895504920251109,0.6741400094380638,-1.0282906515587165,1.7450201735492588
m1lPk91z,-0.28793258349259165,-0.18543817707806864,0.34606932432773063,-0.6433026881175401,1.0293333178864632
m9IQdmwa,-0.41256779276562927,-0.3042024891830546,-0.0781263014159903,-0.5633496370433413,0.6770587122708296
mG9BRy5x,-0.5746585478851225,-0.0342011192025633,-0.4314697827907834,-0.16588491915250003,0.07567363495901169
mVHXnama,-0.4009417057892515,-0.6297347028251887,-1.098763891900502,-0.2596196695651365,-0.9518050408515162
mXyrR6nU,-0.4949232589915491,-0.11099388840482005,-0.7066619159982805,-0.40099877987811894,1.0175053682523387
mbzNdxNc,-0.26541494911998686,-0.13417582091572866,-0.349815159191577,0.4035424855068932,-0.5910933886017826
mntH7g3L,-0.1380636810185374,0.1661429017741658,1.152637086692083,-0.9176925184688507,0.35610334928146337
msRTXP3H,-0.2646263005495948,-0.12258818726540666,-0.01188526757313313,-0.20620149360813045,0.2994366964009689
mxBjvIPR,-0.47406735744562045,-0.2641461132120493,-0.2256779899872312,-0.5124534016922944,0.4678371939737733
n8Opmfbz,1.965946961608494,0.12429184347185229,2.142442719029292,-0.34299311180630454,-0.12896306487362175
nOkgU29Q,-0.5121636652817196,-0.21724974528761676,-1.3782963402791906,-0.040525977898123955,-1.0361288265738064
nhttf7VM,0.1404708001489885,0.12965697068729343,0.7361757814298799,0.02239855087823983,0.11691205345057121
njLbXYa3,-0.4137606350267342,-0.3771484761525552,-0.32635312489703794,-0.6757638996034352,-0.38140602828609893
nwkIpzmh,0.621983115653733,0.08719837171510436,1.0288974226485708,-0.18198852060417536,-0.17062571001212312
nzB1R9Zg,-0.10549023324568996,-0.022854707384780237,1.2374400182377359,-0.8991273272771814,0.22589979895117018
o1rZRI84,-0.6517962298761981,-0.0903660374838604,-0.5141862784219724,-1.1074179552797254,-0.17943390296237816
o7q5Mbty,-0.25703455187573443,-0.22842079130599258,0.15515622584841693,-0.058269208397899064,-1.1697636813358283
oCBvysqB,-0.6561846668313942,-0.22397809702526628,-0.7354535998189944,-0.7628382246997312,-0.47148997786057656
oDmycTPH,-0.4590975637024153,-0.4439993617148583,-0.8654684692944683,-0.6624599942087279,1.1593954800026811
oFAXZvQv,-0.5200521838555128,-0.0870914924508237,-0.37464673871705956,-0.24895409321690565,-0.2968419191468481
oHE3M1zX,-0.17850745313245486,0.09006765598520916,-0.19727590577492848,0.940082224678708,-0.26126975767822636
oMhVmSpV,-0.48558261823984683,-0.19677233335487143,-0.6691208853554385,-0.5602994991639143,-0.9001760301429069
oNsDqVbi,0.19069304610167048,0.30616837879769365,1.5198179038243766,-0.5085216331311635,-0.30379368810837626
oYAJqQk8,-0.43851098730016336,-0.6908066149128866,-0.5570224352586151,-0.7224538112459804,0.4233648527737248
ob5Kb6dW,-0.49127874419514317,-0.08760660406362275,-0.7868972184964618,-0.6460695801305683,1.0085975227349397
obnzqs79,-0.45183864122589146,-0.5877016108163242,-1.1978470281004674,-0.5467125936872144,0.0011936446901561482
oncLcgRP,-0.30453990361087424,-0.2500628907521185,-0.6869955271152561,-0.03212089225125325,-0.3431485464301911
ooWVYaAe,-0.4513800931163141,-0.20842232669944805,-1.4196445773795416,0.7204239442608191,-1.4105365566565435
osdyOUnV,-0.6449518219530441,0.07552042725383545,-1.64767783626162,0.16250932183392663,0.26799993885163964
p7H9CzCv,-0.6576792296710332,-0.241008350855608,-1.9666536539439348,0.014081772158153427,-0.5420823001515398
p7U9hVhY,-0.34700053169621103,-0.09427016434737778,-0.4124567142462878,-0.44156886877531676,0.3850546542895561
pE6Cf1RV,-0.32517689793610405,0.03680124995180778,0.31305162429599576,-0.6037061476115291,0.9652585874498048
pI7qzotI,-0.2719953463751503,-0.02793385172479601,-0.05349763815713815,0.16226022569772525,-0.5171543103081628
pJrIA4sk,-0.4036788532194473,-0.3836556799723634,-0.29664334881904453,-0.5624280076759014,-0.07059063858240755
pXne2CLZ,-0.4327828641266942,-0.40812606712886135,-0.5785975407699893,0.8843859590482062,-1.3270252864830834
pZMcDIOS,-0.428500188316435,-0.30932289576837446,-0.19295374005487376,-0.6567160883966316,0.7630132674544345
pavfp3cc,0.1662809113905146,-0.2888751825055773,0.541235384488276,0.15137068468603232,-0.7741935123468036
pbQdC5L3,-0.5438721423550428,-0.4762401085571777,-0.4795084318011631,-0.6593841775937612,0.6256724918141092
pgj7aAFP,-0.34297829560171156,-0.25154451334479644,-0.3079133070722391,-0.14426082515499772,0.17255878558195015
pxg8G3ed,-0.6725518307175102,0.0754814633053944,-0.10018130542188275,-0.35764083992215134,1.5780164498201632
q36Npk6l,-0.5411797936577054,-0.5060490784439788,-0.946532937758674,-0.846237240514295,0.9630494012918778
q4aDOVvq,0.4864345290987435,-0.028543200785335454,0.9828532850976204,0.4544009243902174,-1.1681890395175198
qGmfR9CN,-0.46482815877038863,-0.07680960245680479,-0.8762769468992941,0.22955640623441198,-0.6736060035668086
qJ51ODpA,-0.32098177153034246,-0.13378373027175838,-1.2124320176184382,0.6117582298911266,-0.18885006256794235
qQX3cs3I,-0.10927222362789824,0.003442280764901273,0.5409177279128572,-0.6307725662277157,0.21543315279900277
qXeIxPb8,-0.3532504232948108,-0.03769483173986954,-0.296382024148228,-0.4111385163603636,0.849530957377576
qYQ4MShM,0.03245100667601175,-0.21783460538351518,0.20399104084963127,0.4636177129070411,-1.1000549438427836
qa0etnhK,-0.07524146935429687,-0.33964759062909833,0.2182908914217465,0.11795262967486408,-0.9397300888381803
qbL4sboq,-0.5657914507491464,-0.18127515801113203,-0.5577072768738403,-0.41839240903997776,0.5408343331029162
qbYrsWHq,0.613967688806837,0.1370598787740538,1.7025373562022297,-0.11733730409688903,-0.05272296881587657
r1zmcUqQ,0.4697321688707907,-0.030352352215501366,0.9914407712363855,-0.6721351978972443,-0.7118828104547017
r54iHeQC,-0.2699322104065809,-0.1294522030380416,-0.15732716467034735,-0.5978866915913095,0.7061638927456872
r6xrAnQV,3.4094735300383254,-0.022709333822021005,2.538626067187396,0.001629906664465608,0.3075248878614705
r9HxnQDg,-0.07616416368227963,-0.02206145769052581,0.41395694481347944,-0.1294209478831867,0.6073296978991696
rG8Puuf9,0.8003156572893309,0.12008142448713999,1.245634221422266,0.47159653373099175,-0.9432047559565628
rGuiefuR,-0.23912933524133084,-0.3496578030355262,-0.6432122938107467,0.1700963824953483,-1.1644343831322228
rJ19OhGP,-0.47874625110074565,-0.056185128801970574,-0.3946420785917566,-0.5863710381968694,1.182025173107414
rOCYepHd,0.2292215016169612,-0.06194573725416275,0.7689226248411829,-0.48299046953449576,-0.15662845940106784
rQJaOPFI,0.1293696956180943,-0.14417622237469585,0.5175798327754693,-0.5126861552779296,0.158172474248099
rQhZtZeh,-0.16787104916346696,-0.009033896907552741,0.5749303757809672,-0.7710364734134423,1.1874283944808983
rapmok0w,-0.4511144820871218,-0.24450471011481012,-1.8657396819017562,0.12547754589691706,-0.06546095753605208
rgzfnPVu,-0.2895755060626479,-0.05720854036881873,0.6177072918446684,-0.6891606348081432,0.4041686559059574
ri4qhb1S,-0.5128445984578898,-0.1659955450763131,-0.6189325568040671,-0.5323538405656159,0.5503719615601401
rqpFYzff,-0.7527557141683028,-0.18273805409272326,-0.26348267101799494,-0.4766747970170222,0.21766402129689233
rrs22coX,-0.43190835372865966,0.05581379829529043,0.21210634098115277,-0.3704405243561659,1.2317783285623225
sEeUCQLc,-0.6060221855511267,-0.048685220582782573,-0.9162724326419165,-0.3706263769760021,0.6474708693338105
sHScwqQl,-0.43804548486207384,-0.1005405886862003,0.22029224429017957,-0.980019901158169,1.823647063544465
sNC7DiAt,-0.6672648477910466,-0.31550702573029765,-0.3897613884814304,-0.6491223772210155,1.3021724346638823
sNK2TSs3,-0.3650621897952542,0.12259970359038208,0.536082751507182,-0.35970506720626005,1.233076362532879
sO7Su6uw,-0.6713049418935961,-0.29388092348840145,-2.1616592064858207,-0.4054310098824594,0.1753437476099382
sOWZx89o,-0.5419602766492639,-0.25321807284130626,-1.2505017905688318,-0.7883599271566872,0.752546283490469
sPbRcPjC,-0.03319112839284433,-0.08419172562842858,0.4926927461205979,0.3060879378316095,-1.0069825105801353
scVUfTKI,-0.015562922985339789,0.15978926204026367,0.25700053661908995,1.3879873180551563,-1.31524573872945
seRaGeVv,-0.443304834178492,0.013974829779912046,-0.16656162675520947,-0.31822327541508955,0.7877682462888149
sgtwiYWi,-0.3820011455433141,-0.35879259353610804,-1.346027186077846,0.0031119436130957467,-0.6685055072886055
sjmLHcT6,-0.4211517671207057,-0.4498437027385047,-0.8326180627632438,-0.5843535995847837,0.4812706453970268
skZUZZGS,-0.5295388006335893,-0.3007159473101946,-0.06507604805132261,-0.4321291361548383,0.47843324520619923
suAmzADX,-0.6361524127481184,-0.2522349267850781,-1.3159127481733448,1.9530339053000212,-0.681675271302927
t4GWLqlO,0.6904839322233434,-0.15106014952412705,0.8038378591647743,-0.30795862751351066,-0.25554049638753007
t7gy6Jyy,0.4453061160868961,-0.08347204558104648,1.1588179163267556,-1.1485631811930084,0.4932534321146793
tBadzH60,2.0599630505431596,0.13301412784848354,2.317897532906203,-0.49566208918455956,-0.6267410785125573
tXUWm0hp,-0.19576333169754978,-0.17106563655561002,-0.4215717086191957,0.5832439906900682,-0.6350399409951049
te6UPPxf,-0.5703325066883176,-0.2628842769428128,-0.6731439795743894,-0.5543301423767666,-0.8620064869938826
ti2lamkL,0.2672080191911155,-0.010674560950789225,0.6894862267230211,-0.17506537371364672,-0.2145092867547671
tr0lpwuU,-0.27520540252032877,-0.44912153818891865,-0.96359433707603,2.715581187137577,-0.8758690464598455
ttdB5C73,-0.3180329748171298,-0.05304938082996058,-0.06382691173537425,-0.13918054495369958,0.5091680591084558
twS8YZu9,-0.5429855951499016,-0.30085772612891004,-0.6406948535885262,-0.9320189508732533,0.2793797042365984
tx68W34H,-0.45951788609585353,-0.23299339063269953,-1.0513602242818492,0.852632740527401,-0.8494953736132995
tyQSX4mY,-0.22859835604970247,-0.10176533919808106,0.40575834740705985,-0.707250893358303,0.35483114014631134
tylKCRc0,-0.37097731227078246,-0.16250179791283825,0.09505312609074834,-0.3008400915539191,0.45053239545229395
u1544WUo,-0.4783920630325733,-0.16844603775909617,-0.8986443172844487,-0.5321592269259945,0.43977190208136996
uAw9an0d,0.36636104093008637,-0.0370229482739286,0.7135272249756655,-0.28615077686513857,-0.3321339263117604
uLZAEXMG,2.0424607512044863,0.17663100687754296,2.3533758812568397,-0.23738606397351347,-1.0396665616564658
uMwe1s7I,-0.5697935920576933,-0.28840383262028935,-0.5519693820522333,0.6221430304357973,-0.9931084221785706
ufhGeV3q,-0.6064486864179353,-0.23288593100436072,-0.2940311880426647,-0.5583536946946701,0.5895700828343795
uhAeGBHo,-0.715045782403025,-0.32522536684392334,-2.2331519094013412,-0.17724485997534245,-0.6420827328876637
ujHNlqpw,1.00967130429916,0.34072712716250964,1.6655987127453942,-0.17109871509988395,-0.8167398828835442
ulV6kuhB,-0.2384580607592861,-0.0722776346050149,0.10989727178353959,-0.593230355558017,0.7091203857698449
uohEnNEK,-0.44267057813823474,-0.2753880306064924,-1.0172521477715135,0.6781099624718827,-1.1298769199216192
v1lhA8I4,-0.3015449871786595,-0.17040893278907232,0.9040900385726205,-0.710114574007644,1.6160945598300689
v3JzigLI,-0.5703013017186445,-0.626399352269956,-0.7509930931825137,-0.8728507999416415,0.9224836420550648
v5IwjyIg,-0.48109359065154056,-0.0556605880766905,-0.39352957155320056,-0.5890048597053514,-0.5420216742170307
v6lp5TK1,-0.28893272726168195,-0.1621955147819416,0.3542072671432821,-0.7468558266416885,1.2343533001285412
v8vOaaWq,-0.3421958283460649,-0.11945018135138197,-1.2418444905167247,0.3022249259605765,0.09820290149702693
vAYKtoil,-0.683496574611298,-0.26140489770737885,-0.6023450482247894,-0.532890252905343,-0.7655727825448277
vGTNQa6G,2.8823565555970267,0.1349551879885813,2.12215264970955,0.9478288076450276,-0.4543991714544884
vQzNxHoL,-0.5452025755669192,-0.38778852931805785,-0.7893962196714155,-0.8053567764350582,-1.0085315435192026
vfZGBUJm,-0.31413817164855207,-0.22578048763652658,0.10891769030841814,-0.11991634435109333,-0.2906182999425848
vlooVUoT,-0.4631883124988585,-0.007868214694255027,-1.2816750881734278,0.3909840066007355,-0.8750311287906722
vrACvd4O,-0.4232079648651288,-0.32946014792069844,-0.07348147942924599,-0.48653807313250397,-0.5356447535871691
w8hdjLwb,-0.32823673798975594,-0.018373423650401843,0.16660901851592924,-0.45142035339112496,0.8583632391395302
wAntv4gH,0.020199048996345503,0.1455465548598487,1.5268120742251072,-0.6399424543712193,0.5024698603678619
wIUL09q0,-0.42570179075369285,-0.5514269111929333,-1.2236794713847543,-0.7121980087165802,0.4171977854644897
wOzx7Fgz,-0.5006721058715593,-0.39445203186924926,-0.16577319369947774,-0.6482812555797572,0.04432505451161184
wPhjhCJQ,-0.4030625633855047,-0.11959351175032351,-0.4727798935047771,-0.6278534777275517,1.1056814756573008
wQSWWmYB,-0.4273394555650052,-0.12677345039388355,-0.5108928061019482,-0.36443193460381096,0.5481914232838765
wdIMrXwy,1.7914158451418407,0.18056127829704893,2.3294405912800915,-0.8549203377145709,-0.48783140098969646
wiL9npQc,-0.4897278987652962,-0.22665090724630899,-0.9153780720403246,-0.7786392322017655,0.6815681222319743
wnU95Cxn,1.822777425523383,0.23975028786618724,2.5103938768743195,-0.867982141542182,-1.0898897355684678
wpJbbjJs,0.18224026616218136,0.09057722398371526,0.7340424694088357,-0.05801361674324923,-0.020856560941686197
wsOWTAbI,0.9235220388506482,0.03153132555611693,1.3539204733627785,1.0022694796242213,-0.743651892731739
wtdBcU3U,-0.33099464863835326,-0.4679244381411958,-0.23825515073282433,-0.8056989784102306,0.37948203028032346
wuKXVxOc,-0.6314209822749044,-0.06357951587658262,-1.5498812417343528,-0.6503238408371708,0.892576462387817
wyzadAt8,-0.4711464702641601,-0.2841103669982057,-0.932845722874289,-0.7339119976862598,1.0233104164463018
wzaKzYwi,-0.03389433269052322,-0.3391794571270874,0.8070992821960645,-0.882624585737215,0.8369513846295522
x6GCk4EV,-0.3200671521203171,-0.15243914227276845,-0.04790307007603034,-0.5611383122236298,0.7259130167001988
x6lUi3vf,0.0407196525118243,-0.25734077551128065,0.17617783951082955,0.4436454067714699,-1.2252843477850686
x8mwDHv9,-0.3897811993701348,-0.23111426381363698,-0.028418832732951538,-0.2765519375933927,0.1633063933729293
xIYm6puH,0.46803284368797815,0.13486651354527668,0.35140611324884374,0.5565106439248275,-0.992525883301985
xO6UdpsK,0.38161383031848484,-0.02760667374364756,0.5216205122148823,-0.450225427228343,-1.2170501365381963
xQ2bkOvj,-0.44209323484335616,-0.46572948451334595,-0.4813948201330176,0.17990366333949126,-1.4287038497428082
xeXyDCEQ,2.587838363350328,-0.06446285684613384,1.9633021740771583,1.0614638955706432,-1.221210302137015
xrggHziO,-0.21291128589973685,-0.22618574161809546,-0.02858307963744111,-0.4845963708996628,0.11614270297645568
y1WMCmqQ,-0.42571362211123276,-0.3154051868439036,-0.587745849998454,-0.5897488966799465,0.16108150615907313
yDngezhM,-0.22352265909802416,-0.5309786776480077,-0.9102048755028262,-0.6474552574777412,-0.28247468680836185
yLiFjMD0,-0.48081870508593827,-0.2046265438485615,0.2738181610993011,-0.6094387728126485,1.1761363965432654
ySwEBO7w,-0.5095515528847168,-0.16072390296567063,-0.5514794791764202,-0.17559315439369172,-0.8653641086864265
ydC9UsSm,-0.36072487314589896,-0.04061163400909562,-1.4743156566147049,0.873829186553639,0.01753860040265387
ydEG4VBd,-0.46383299523984167,-0.09403315375418186,-0.7849249085766827,-0.21479321546136632,0.5918090767928081
yf76yWXc,-0.1877893739291503,0.1901585183117196,0.9020146852830508,-0.7359138964052754,0.10676093776369022
yg70e63n,-0.40156554015010304,-0.22371964580996417,-0.48678962342218157,-0.13149282027817932,-0.1184229712957201
ywxtlSKv,-0.6189500585404639,-0.23141002967797375,-0.6997470711442146,-0.9322856553919046,-0.18317919912555247
yzKPQPOR,-0.5497754633555028,-0.3759589114188624,-0.41381686501581627,0.02266381872307832,-1.0375434020080458
z5cnOnZ1,-0.44851209673305537,-0.4379311052355628,-0.4114574505085342,-0.5776682935209401,-0.6564057078305634
zFLkOE0e,0.16459629102285955,-0.15493058758788392,0.7611812033008378,0.4977472167324386,-0.9606426755942632
zGi72mxL,-0.6571086759977343,-0.4533398175735637,-0.3849195577462423,-0.1310941756483821,-1.1853420138974027
zN925UV3,-0.5310289556754819,-0.0866945666397636,-1.1212466611750769,0.2204050344802404,-0.8700408888690756
zTy2ih7e,-0.6495889673295219,-0.08371241921950867,-1.447983664952359,-0.7178056672027928,0.9417470201056037
zVFzAutw,-0.3972720529654916,-0.0803008295535359,0.06911628538806425,-0.3621461342537877,0.7747116099037132
zYxNAkht,-0.47139346621128286,-0.45207103837098783,-1.0803562018399033,-0.6100320600196873,0.7093376302723673
zaWDBai3,-0.5256297298313379,0.10775407019771466,-0.1676744759358384,-0.09461863015256355,1.5259514946103057
zg3u0Zsx,-0.29304819838012097,-0.06697697141008474,0.02297004355709631,0.029855663651250808,-0.05274059491363481
zlwLfdsS,-0.5258322144980534,-0.314891896163473,-0.6752465944564519,1.2831332400890751,-0.7412182556167775
zmbKzVfl,-0.6583133463359454,-0.18695362511901648,-1.906017496224605,-0.1839713932074396,0.2538706093146832
